Director,Number of shows
Jorge Michel Grau,1
Gilbert Chan,1
Shane Acker,1
Robert Luketic,4
Serdar Akar,1
Yasir Al Yasiri,1
Kevin Reynolds,1
Shravan Kumar,1
Vikram Bhatt,1
Zak Hilditch,2
Diego Enrique Osorno,1
Nottapon Boonprakob,1
John Suits,1
Kunle Afolayan,8
Paul Greengrass,1
Swapnaneel Jayakar,1
Onir,3
Vijay Milton,1
Santwana Bardoloi,1
Atanu Ghosh,2
Lyric R. Cabral,1
David Felix Sutcliffe,1
Cho Il,1
Sabina Fedeli,1
Anna Migotto,1
Michael Margolis,1
Rako Prijanto,3
Fernando Lebrija,1
Michael Kennedy,1
Robert McCullough Jr.,1
Cristina Jacob,4
Frank Ariza,1
Muharrem Gülmez,2
Óskar Thór Axelsson,1
Ozan Açıktan,7
Kenneth Gyang,1
Karyn Kusama,3
Adam Deyoe,1
Leif Tilden,1
Adze Ugah,2
Nicolas Brossette,1
Roland Emmerich,1
Marcel Barrena,1
Melinda Janko,1
Jastis Arimba,1
Shrihari Sathe,1
Sam Upton,1
Victor Zarcoff,1
Daniel Stamm,2
Ava DuVernay,3
Daniel Lee,1
Scott Hussion,1
Seth Fuller,1
Adam Davis,1
Jerry Kolber,1
Trey Nelson,1
Erich Sturm,1
Richard Donner,1
Burr Steers,1
Francesco Amato,1
Salvador Calvo,2
David Marmor,1
Raymond Wood,1
Ramzy Bedia,1
Éric Judor,1
Abhishek Varman,1
Morgan Neville,3
Hasraf Dulull,1
Mike Mills,1
Jon Lucas,2
Scott Moore,2
Joey Curtis,1
Brian Smrz,1
Simranjit Singh Hundal,1
Geun-hyun Cho,1
Nicanor Loreti,1
Simon Napier-Bell,1
Betty Thomas,1
McG,7
Nagesh Kukunoor,5
Gaby Dellal,1
Iman Brotoseno,1
Rajkumar Hirani,3
Shazia Javed,1
Sinan Akkuş,1
Hani Hamdi,2
Ruben Fleischer,2
Maciej Dejczer,1
Barbara Białowąs,1
Tomasz Mandes,1
Hikari,1
Victor Gatonye,1
Jack C. Newell,2
Marco Deufemia,1
Justin G. Dyck,8
Gerardo Olivares,3
Andrew Nackman,1
Ishaya Bako,3
Anggy Umbara,2
Richard Loncraine,1
Marco Risi,1
Victor Levin,1
Peter Segal,3
Jonathan Levine,2
Rizal Mantovani,2
Matei Dima,1
Marja Lewis Ryan,1
Toa Fraser,2
Michael Bay,3
Hannah Fidell,2
Bharat Jain,1
Trent Haaga,1
Nizar Shafi,1
Roger Gual,1
Meenu Gaur,1
Farjad Nabi,1
Vishal Bhardwaj,5
Anita Udeep,1
Steve Gukas,1
Clay Glen,3
Everardo González,2
Rachel Talalay,1
Andrew Lau Wai-Keung,4
Padmakumar Narasimhamurthy,2
John Asher,3
Richard Attenborough,1
Shaun Paul Piccinino,4
David de Vos,1
Umut Kirca,1
Kevin Ko,1
Peter Tsi,1
Alex Zamm,2
John Schultz,3
Thomas Astruc,2
Mark Rosman,1
Michelle Johnston,1
Stanley Kubrick,2
Stephen Gyllenhaal,1
Savage Steve Holland,4
Tyler Perry,2
Tom Fassaert,1
Mark Williams,1
Robbie Countryman,1
Remo D'Souza,3
Bille August,1
David Wain,1
David Lowery,1
Roman Coppola,1
Stanley Moore,4
Alex Woo,4
Richard Mears,1
Erik Nelson,1
Michael Tiddes,3
Teo Konuralp,1
Thomas Stuber,1
Jim Fall,1
Herman Yau,2
Coodie,1
Chike,1
Andy Goddard,1
Yeo Siew Hua,1
Chris Bell,2
Francisco Macri,1
Steven Bognar,2
Julia Reichert,2
Alan Rickman,1
Sophia Nahli Allison,1
Maryo J. De los Reyes,2
Thomas Sorriaux,1
Ahmad El-Badri,4
J.A. Bayona,2
J.C. Chandor,2
Christopher S. Rech,1
Brandon Kimber,1
Otoja Abit,1
John Fortenberry,3
Joram Lürsen,2
Michael Lennox,1
Nicole Conn,1
Kees Van Oostrum,1
Michael Damian,2
Carla Barros,1
Marina Seresesky,1
Henry Sarwer-Foner,1
Ishaan Trivedi,1
Cathy Garcia-Molina,13
Chris Bolan,1
Asghar Farhadi,2
Ethan Coen,3
Joel Coen,3
Richard Phelan,1
Will Becher,1
Naoko Yamada,2
Tom Ford,2
Diego Lerman,1
Maria Burton,1
Larry Elikann,1
Evan Spiridellis,1
Jeff Gill,1
Chung Mong-hong,1
Natalie Portman,1
Trisha Ziff,1
Martin Lawrence,1
Brian Robbins,2
Eddie Rosas,1
Robert O. Peters,2
Ravishankar Venkateswaran,1
Álvaro Brechner,1
Sofia Coppola,2
Adam Shankman,3
Neeraj Pandey,3
Gregory Caruso,2
Junichi Sato,1
Tomotaka Shibayama,1
K. Rajagopal,1
Kazuya Murata,1
Rusty Nixon,1
Oliver Daly,1
Ömer Faruk Sorak,3
Midhun Manuel Thomas,1
Indrajit Nattoji,1
Chandrakant Kulkarni,3
Rajiv Mehra,5
V C Abhilash,1
Raj Kumar Gupta,3
Satish Rajwade,3
Prakash Jha,5
Umesh Mehra,8
Uttung Shelar,1
Ravi Babu,1
Kyran Kelly,2
Skye Borgman,1
Hashim Nadeem Khan,1
A. L. Vijay,2
Jung-ah Im,2
Seung-uk Jo,1
Chad Van De Keere,2
Chris Weitz,1
Paul Weitz,2
Richard Curtis,1
Daniela Goggi,1
Alfonso Serrano Maturino,1
Cheang Pou Soi,1
Ralph Macchio,1
Julien Christian Lutz,1
Julie Taymor,1
Mike McCoy,1
Scott Waugh,1
Mahsun Kırmızıgül,2
Vipul Amrutlal Shah,2
Isaac Florentine,1
Brett Donowho,1
Jay Karas,15
Steve Brill,5
Robert Markowitz,1
Thierry Donard,5
Fazila Allana,1
Anne Fontaine,1
Baltasar Kormákur,1
Sandeep Chatterjee,1
Jennifer Phang,1
Kyle Rideout,1
S.A. Zaidi,1
Junior Carelli,1
Rudge Campos,1
Juliana Vicente,1
Jenny Gage,1
Nadia Hallgren,2
Bryce Wagoner,1
Brittany Andrews,1
Rodrigo Reyes,1
Roger Kumble,3
Elliott Lester,1
Antonio Campos,4
Nicolás López,2
Terry Loane,1
Peter Ho,1
Rarecho,1
Mukul Anand,2
Mariano Baez,1
Ram Gopal Varma,6
Shivam Nair,2
Alison Klayman,2
Takeshi Fukunaga,1
César Rodrigues,1
Biswajeet Bora,1
Abbas Alibhai Burmawalla,5
Mastan Alibhai Burmawalla,5
Sachin Kundalkar,1
Rajkumar Santoshi,6
Devashish Makhija,1
Vikramaditya Motwane,4
Pali Yahya,1
Francisco D'Eufemia,1
Trivikram Srinivas,2
Toyin Abraham,1
Raúl Campos,19
Jan Suter,21
Shaz Bennett,1
Soumitra Ranade,1
Castille Landon,1
Gervasio Iglesias,1
Alexis Morante,2
Leticia Jorge Romero,1
Alex Díaz,2
Craig Johnson,1
Youssef Chahine,12
Luis Ara,4
Hussein El Ansary,1
Cem Yılmaz,3
Jeffrey Walker,2
Latif Faiziyev,3
Martin Scorsese,12
Gil Baroni,1
J. Michael Long,1
Jeremiah Jones,1
Stephen Chiodo,2
Sean McNamara,3
Susan Glatzer,1
Eva Vives,1
Adrian Teh,3
Joe Robert Cole,1
Don Bluth,2
Gary Goldman,1
Dan Kuenster,1
Víctor García,1
Charlie Vaughn,1
Hao Wu,1
Chris Blake,1
Dan Villegas,4
Brett Haley,3
Matthew Hope,1
Yibrán Asuad,1
Pedro Coutinho,1
Vincent Kok,1
Eva Trobisch,1
Susan Walter,1
Hernán Guerschuny,1
Mike Doyle,1
Vincent Perez,1
Antoinette Jadaone,4
Lee Tamahori,4
Richard Rich,2
Greg Kohs,1
Adam Bhala Lough,1
Takeru Nakajima,1
Yoshiyuki Okada,1
Trey Haley,1
Rod Blackhurst,2
Brian McGinn,1
Lee Hirsch,2
Esteban Crespo,1
Atul Malhotra,1
Manmohan Desai,1
Khaled Youssef,1
Ryan Koo,1
Edward Cotterill,4
Charlie Siskel,1
Michael Cuesta,2
Sam Mendes,2
Brendon Marotta,1
Barak Goodman,3
Sharon Grimberg,1
Mark Zwonitzer,1
Wilson Coneybeare,1
Sarik Andreasyan,1
Tony Kaye,1
Andrea Arnold,1
Nick Davis,1
Jenny Popplewell,1
Mike Elliott,1
Mary Harron,1
Kenny Leon,1
Jerry G. Angelo,1
Lekh Tandon,3
Asif Kapadia,2
Amy Schumer,2
Karan Bali,1
Phil Nibbelink,1
Simon Wells,3
Larry Latham,2
Rebecca Zlotowski,2
Jim Hosking,1
Wael Ehsan,4
James Toback,2
Perry Lang,1
Brad Silberling,1
Juan Camilo Pinzon,1
Ismail Farouk,3
Hazem Fouda,2
Matheus Souza,1
Sekhar Kammula,2
Avinash Das,1
Carlos Marques-Marcet,1
Lonzo Nzekwe,1
Ísold Uggadóttir,1
Sriram Raghavan,2
V Vignarajan,2
Josiah Ng,1
Franck Nataf,1
Tim Blake Nelson,1
Lijo Jose Pellissery,1
Luis Mandoki,1
Ric Roman Waugh,2
Damien O’Connor,2
Ron Howard,6
Pan Nalin,1
Abhijeet Deshpande,1
Paul Thomas Anderson,4
Tony Bancroft,1
Scott Christian Sava,1
Han Yan,1
Laura Alvea,1
José Ortuño,1
Andrucha Waddington,1
Pedro Waddington,1
N. Linguswamy,2
Rajat Kapoor,2
Sohail Tatari,1
Paul Serafini,1
Andrew Niccol,2
Juan Zapata,1
Peyton Reed,3
Sherif Ismail,1
Anirban Majumder,3
Marcus Raboy,16
Adam Dubin,1
Raj Kaushal,1
Ken Barbet,1
Manish Jha,2
David Salzberg,1
Christian Tureaud,1
J.F. Musial,1
Josh Vietze,1
Gonzalo López-Gallego,3
Gareth Evans,2
Christian Desmares,1
Franck Ekinci,1
Jean-Patrick Benes,1
Christopher Chambers,1
Aaron Woodley,1
Marie Madinier,1
Khaled El Halafawy,2
August Jakobsson,1
Eric Abrams,1
Paul Dugdale,4
Nia Dinata,2
Arnab Chaudhuri,1
Tony Elliott,1
James Bamford,1
Brian Volk-Weiss,2
Jason Winer,1
Sarah Smith,1
Anubhav Sinha,1
Edwin,2
John Erick Dowdle,1
James L. Brooks,1
Samit Kakkad,1
Rana Ranbir,1
Santosh Sivan,2
Alex Lehmann,3
Hallvard Bræin,1
John Murlowski,1
Ricardo Maldonado,1
A. Raajdheep,1
Sung-soo Kim,1
Mike Nicoll,1
Jason Stone,1
Bonni Cohen,2
Jon Shenk,2
Mati Diop,1
John Putch,1
Mez Tharatorn,2
David Morris,1
Jacqui Morris,1
Fabrizio Copano,1
Augusto Matte,1
Cristi Puiu,2
Mike Rossiter,1
Jay Roach,5
Rohit Mittal,1
Gabe Ibáñez,1
Tate Taylor,2
Ertanto Robby Soediskam,1
Jesse V. Johnson,6
Anthony Russo,1
Joe Russo,1
Levan Tsikurishvili,1
Johnny Kevorkian,1
Aleksandr Chernyaev,1
Fedor Lyass,1
Prasanth Varma,1
Nicholas Kharkongor,2
Gangadhar Salimath,1
Enrique García Meza,1
Kwabena Gyansah,1
Anthony D'Souza,2
Aziz Ansari,1
Will Lovelace,1
Dylan Southern,1
Spike Jonze,2
Ajay Bahl,1
Shadab Khan,1
Milan Luthria,4
Sabir Khan,1
S.S. Rajamouli,7
Gauravv K Chawla,1
Çagan Irmak,1
Müfit Can Saçıntı,1
Alejandro G. Iñárritu,1
Vijay Kumar Arora,1
Stephanie Zwane,1
Shikha Makan,1
José Eduardo Belmonte,1
Louise Alston,1
Rémy Four,1
Julien War,1
Yanyong Kuruaungkoul,1
Adam MacDonald,1
Dave Patten,1
Michael Petroni,1
Chris Baugh,1
Nattawut Poonpiriya,1
Jeff Tremaine,2
David Chirchirillo,1
Salima Koroma,1
Kheiron,1
Sumitra Bhave,3
Sunil Sukthankar,3
Sujoy Ghosh,3
Justin Lee,1
Vijay S. Bhanushali,1
Phil Weinstein,2
Haissam Hussain,1
Burak Aksak,3
BB Sasore,2
Ben Kasulke,1
Zoe Lister-Jones,1
Aaron Nee,1
Adam Nee,1
Alo Sarkar,1
Tanit Jitnukul,1
Karan Anshuman,1
Manop Janjarasskul,1
Adisorn Tresirikasem,1
Jordi Llompart,1
Raja Menon,1
Mahmoud Sabbagh,1
Matthew Salleh,1
Conrad Helten,4
Adam Wood,1
Zeke Norton,1
Karen J. Lloyd,2
Andrew Tan,2
Michael Goguen,2
William Lau,6
Ezekiel Norton,3
Barbra Streisand,1
Jim Gable,1
Olivia M. Lamasan,3
Ashwiny Iyer Tiwari,1
Kyle Newman,1
Anurag Basu,5
Esteban Vidal,2
Vikram Gandhi,1
David Zucker,3
Paul Verhoeven,2
Deep Joshi,1
Dava Whisenant,1
Sam Liu,4
Katarina Launing,1
Mitch Gould,1
Hrishikesh Mukherjee,4
Florian Schott,1
Kyzza Terrazas,1
Sagar Sarhadi,1
Puri Jagannadh,1
Lilibet Foster,1
Joshua Caldwell,1
Volker Arzt,1
Angelika Sigl,1
Mel Smith,1
Cary Joji Fukunaga,1
Josh Wakely,1
Chris Robinson,2
María Jose Cuevas,1
Wenn V. Deramas,6
Mike Judge,1
Bruce W. Smith,1
Agasyah Karim,1
Khalid Kashogi,1
Julian Jarrold,1
Steve Hickner,1
Simon J. Smith,2
Tinge Krishnan,1
Ry Russo-Young,1
Mike Flanagan,3
Fisher Stevens,2
Mohamed Khan,1
Keiko Yagi,1
Katherine Fairfax Wright,1
Daniel J. Clark,1
Rajeev Chaudhari,1
Anthony Wonke,1
Constance Marks,1
Omoni Oboli,7
Jesse Handsher,1
Olivier Roland,1
Maroun Baghdadi,4
Felix Van Groeningen,1
Felix van Groeningen,1
David Stubbs,1
Federico Veiroj,2
April Mullen,1
Alex Timbers,2
Sam Wrench,2
Jon Rosenbaum,3
Kief Davidson,3
Pedro Kos,1
Adam Marino,1
Brandon Camp,1
Joe Camp,3
Alex Ranarivelo,1
Hannes Stöhr,1
Hakan Algül,8
Cate Shortland,1
Franziska Meyer Price,1
Toshiyuki Kubooka,3
Jeff Tomsic,1
Todd Biermann,1
Ryan Polito,8
Tamer Bassiouni,1
Amy Segal,1
Lonny Price,1
Aaron Lieber,1
Ted Braun,1
Steve Boettcher,1
Jason Paul Laxamana,2
Scott Aukerman,2
Maria Pulera,1
Dharmesh Darshan,2
Khaled Marei,5
Sırrı Süreyya Önder,1
Sushrut Jain,1
Liam O'Donnell,1
Anna Stone,1
Majid Majidi,1
Priyadarshan,6
Mahesh Manjrekar,5
Smeep Kang,2
Sneha Taurani,1
Nishil Sheth,1
Rajiv Chilaka,5
Venky Kudumula,1
Jasbir Bijendra Bhati,1
Detlev Buck,5
Joey Kern,1
Dennis Dugan,2
Shawn Levy,3
Scott Martin,1
Ken Kwapis,1
Adriana Trigiani,1
Kaspar Astrup Schröder,1
Bigflo & Oli,1
Jérémie Levypon,1
Ron Oliver,3
Nick Broomfield,2
Eva Orner,1
Shannon Hartman,9
Mike Binder,1
Chris Bould,2
Kevin Booth,1
David Johndrow,1
Jason Sussberg,1
David Alvarado,1
Stephen Daldry,2
Vonda Harrell,1
Daniel Camenisch,1
Indrasis Acharya,1
Gajendra Ahire,3
Viju Mane,1
Girish Mohite,1
Ravi Jadhav,1
Sermiyan Midyat,3
Susanne Bier,1
Otilia Portillo Padua,1
Mikhail Red,3
Emanuel Hoss-Desmarais,1
Marianna Palka,1
Ham Tran,1
Miguel Conde,1
Supavitra Babul,1
Raja Chanda,1
Lance Daly,1
Mark Harris,1
Anurag Kashyap,9
Ridley Scott,1
Jose Manuel Colón,2
Ahmet Katıksız,1
Ryan Coogler,2
Alexander Nevsky,1
Kevin MacDonald,2
Jesse Gustafson,1
Craig Brewer,3
Martin Hodara,1
Gabriela Cowperthwaite,1
Caroline Suh,1
Daniel Alfredson,2
Hiroyuki Seshita,4
Ethan Hawke,1
Noriyuki Abe,3
Ben Younger,1
Mahmoud al Massad,1
Clovis Cornillac,1
Johnnie To,8
Deane Taylor,1
Andrew Wessels,1
July Hygreck,1
Jean-François Richet,1
Vishal Mahadkar,1
Miguel Cohan,2
Ted Demme,2
Abdellatif Kechiche,1
Woody Allen,1
Lev L. Spiro,1
Jeremy Saulnier,4
Les Mayfield,2
Derek Cianfrance,2
Rohan Sippy,1
Barry Avrich,3
Nawapol Thamrongrattanarit,2
Bo Burnham,3
Christopher Storer,4
Jeremy Kenyon Lockyer Corbell,2
Jay Surridge,1
Elvira Lind,1
Kirk Wise,1
Raj Kapoor,3
Samar Shaikh,1
Dawn Porter,1
Gabriel Clarke,1
Torquil Jones,1
Brendan Byrne,1
Siddique,1
Nisheeta Keni,1
Jorge M. Fontana,1
Geoffrey Orthwein,1
Andrew Sullivan,1
Luis Alberto Restrepo,1
Andrés Beltrán,1
Jaime Rayo,1
Byron Howard,2
Chris Williams,1
Borja Cobeaga,1
Pia Sukanya,1
Dibakar Banerjee,7
Karan Johar,6
Zoya Akhtar,6
Riccardo Pilizzeri,1
Alexandra Dean,1
Jelle de Jonge,1
Alain Desrochers,2
Erik Canuel,2
Arthur Penn,1
Kaizad Gustad,1
Perci Intalan,1
Hernán Zin,4
Bryn Evans,1
Gary Cohen,1
Ross Hockrow,1
Gayane Petrosyan,1
Philippe Aractingi,4
Richard Sears,1
Ahmed Yousry,1
Alê Abreu,1
Chris Stokes,4
Mar Targarona,2
Todor Chapkanov,1
Jay Chapman,12
Qaushiq Mukherjee,4
Gerard Barrett,1
Michael Doneger,1
Tim Neeves,1
Cecilia Peck,1
Jody Lambert,1
Lin Oeding,1
Marc Fouchard,1
Picky Talarico,1
Danish Aslam,1
Lawrence Cheng,1
Sridhar Rangayan,2
Vadim Jean,1
Simon Baker,1
Sandra Restrepo,1
Troy Miller,6
Rian Johnson,2
Mae Czarina Cruz,5
Andibachtiar Yusuf,3
David Ayer,3
Nikhil Nagesh Bhat,1
Park Joon-hwa,1
Robert Adetuyi,1
Antoine Fuqua,3
Julien Abraham,1
Onur Bilgetay,1
Todd S. Yellin,1
Lu Yang,1
Karan Malhotra,1
Vivieno Caldinelli,3
Tejas Prabha Vijay Deoskar,1
Xavier Gens,1
Marcelo Galvão,2
Harry Chaskin,1
Soumendra Padhi,2
Mike Wiluan,1
Andreas Johnsen,1
Anvita Dutt,1
Rima Das,1
Paul Solet,2
Rick Benattar,1
Don Michael Paul,7
David McCracken,1
Steve Antin,1
Jon Manning,1
Yann Gozlan,1
Lee Chang-dong,1
Phillip Youmans,1
Gerard McMurray,1
Cary Murnion,1
Jonathan Milott,1
Sarah Adina Smith,2
Daniel Mann,2
Erik Matti,1
Jun Lana,4
Angelina Jolie,2
Almunsif Alsuwaisi,1
Naman Nitin Mukesh,1
Sachin Yardi,2
Daniele Thompson,1
Travis Zariwny,1
Jarand Herdal,1
Angga Dwimas Sasongko,4
Néstor Sánchez Sotelo,1
Asim Abbasi,1
Madhur Bhandarkar,5
Matt Palmer,1
Momoko Kamiya,3
Philippa Lowthorpe,1
Vlad Yudin,6
Daniel Goldhaber,1
Carlos Bolado,1
Scott Marshall Smith,1
Lisa Arnold,1
Peter Sattler,1
Harry Elfont,1
Deborah Kaplan,1
Ahmed Nader Galal,4
Ben Shelton,1
Shanawaz Nellikunnil,1
Bernard Rose,1
Frank E. Abney III,1
Justin Pemberton,1
Noushad,1
Erik Kling,1
Kevin Peaty,1
Olivier Marchal,2
Mark O'Connor,1
Maha Venkatesh,1
Chito S. Roño,2
Arati Kadav,1
Elsa Flores Almaraz,1
Richard J Montoya,1
Raúl Campos Delgado,1
Alejandro Hartmann,1
Jos Humphrey,1
Todd Haynes,1
Brian De Palma,2
Susan Johnson,2
Àlex Pastor,2
David Pastor,2
Matt Piedmont,1
Hubert Woroniecki,1
Christian Alvart,1
Martin Campbell,4
Wong Jing,6
Kitty Green,1
Richard Brooks,1
Steven Spielberg,10
Kagiso Lediga,1
Shalini Kantayya,1
Onur Tukel,1
Brad Peyton,2
Aaron Hancox,1
Michael McNamara,1
Henrik Martin Dahlsbakken,1
Pascal Amanfo,2
Shivendra Singh Dungarpur,1
Yandy Laurens,1
Nicholas Hytner,1
Mahesh Bhatt,3
Harry Baweja,1
Prakash Balwant Saini,1
Aatmaram Dharne,1
David Dhawan,9
Umer Adil,1
Aziz Mirza,3
Apurva Dhar Badgaiyann,1
Sudhir Mishra,4
Ken Ghosh,3
Arne Birkenstock,1
Dianne Dreyer,1
Garin Nugroho,1
John Curran,1
Neill Blomkamp,2
Tim Burton,2
Charles A. Nichols,1
Iwao Takamoto,1
Ross Venokur,1
Kevin Smith,6
Jeff Orlowski,2
Jason Kwan,1
John Scheinfeld,1
Guilherme Fontes,1
Gurvinder Singh,1
Lee Yoon-jung,1
Jon Favreau,1
James Yukich,2
Lance Bangs,8
Rohit Shetty,5
Bradley Parker,1
Sidheswar Shukla,1
Asit Mohapatra,3
Shyamal Chaulia,2
Binayak Das,1
Anuranjan Premji,1
Mark Dindal,1
Darragh O'Connell,1
Niyi Akinmolayan,5
Tom Holland,1
John Smithson,1
Ayumu Watanabe,1
Vikas Bahl,3
Nitesh Tiwari,2
Tan Bing,1
Luis Lopez,2
Safdar Rahman,1
Bedabrata Pain,1
Ken Hughes,1
Atom Egoyan,3
Jean-Claude La Marre,1
Andrew Sandler,1
Bill D'Elia,2
Matt D'Elia,1
Chris Rock,1
Phil Joanou,1
Corbin Bernsen,1
Michael Kampa,1
Marita Grabiak,1
Harvey Lowry,2
Gary Wheeler,1
Ernie Barbarash,3
James Dearden,1
Joe Roth,1
Marc Forster,3
Xavier Manrique,1
Israel Adrián Caetano,3
Kookie V. Gulati,1
Mohsin Ali,1
Amal Neerad,1
Handan İpekçi,1
Aaron Hann,1
Mario Miscione,1
Rachel Mason,1
Wi Ding Ho,1
Fernando Meirelles,2
Katia Lund,1
Cavi Borges,1
Luciano Vidigal,1
Madeleine Gavin,1
Pete Travis,2
Yesim Ustaoglu,1
Nick Mead,1
Louis Leterrier,1
Gregory Hoblit,4
Atul Sabharwal,1
Eric Stoltz,1
Fernando Moro,1
Jack Starrett,1
Frank Coraci,3
Alistair Legrand,2
Chris Perkel,1
David Oelhoffen,1
John Crowley,1
Lilly Wachowski,5
Lana Wachowski,5
Tom Tykwer,1
Olivier Assayas,3
Phil Lord,1
Christopher Miller,1
Cody Cameron,1
Kris Pearn,2
Matt Reeves,1
Marcos Bucay,2
Thomas Carter,1
Jeff Chan,1
Michael Dowse,3
Fluvio Iannuci,1
Roly Santos,1
Vishal Mishra,1
Emily Hagins,1
Moses Inwang,3
Carey McKenzie,1
Robert Moresco,1
Jerry Seinfeld,2
Saurav Palodhi,1
Florian Gallenberger,1
Ketan Mehta,3
Zack Whedon,1
Joshua Marston,1
Robert Kenner,2
Pepe Bojórquez,1
Craig Goodwill,1
Jesse Adang,1
Syrine Boulanouar,2
Stacie Passon,2
Van M. Pham,1
Gavin Fitzgerald,1
Abdul Aziz Hashad,1
Tomas Brickhill,1
Stuart Rosenberg,1
Jon Watts,1
Ben Steele,1
Arnon Manor,1
Timothy Ware-Hill,1
Henry Selick,1
Mathieu Auvray,1
Santiago Diaz,1
Pablo Martin Farina,1
Jason Bourque,1
Jay Bulger,1
Tolu Awobiyi,1
Alexandre Reinecke,1
Micah Bickham,1
Galley Molina,1
Kip Andersen,2
Keegan Kuhn,2
Stanley Nelson,2
Michelle Esrick,1
Paul Haggis,1
Sammaria Sari Simanjuntak,1
Obi Emelonye,3
Kranti Kanade,1
Patrick Brice,2
Felipe Cano,1
Mariano Barroso,1
Michèle Ohayon,2
Nam Ron,1
Ang Lee,1
Yuen Wo-Ping,1
Jon Alpert,1
Rod Cabatana Marmol,1
Don Mancini,1
Mana Yasuda,2
Tamas Yvan Topolanszky,1
Matt Shakman,1
Zachary Heinzerling,1
Maïmouna Doucouré,1
Prakash Kunte,1
Selçuk Aydemir,2
Birkan Pusa,1
Spike Lee,4
Ted Emery,2
Chandrakant Kanse,1
Hasan Karacadağ,3
Gary David Goldberg,1
Javier Colinas,1
Steve Carr,4
Amara Cash,1
Pablo Parés,1
Johnson Esthappan,1
Raj Amit Kumar,1
Jean-Marc Vallée,1
Oliver Bokelberg,1
Philipp Eichholtz,1
Huw Cordey,1
Michael M. Scott,1
Brendan Toller,1
Roger Donaldson,1
Awi Suryadi,1
Isabelle Nanty,1
Julius R. Nasso,1
Agnidev Chatterjee,1
Alexandros Avranas,1
Bernardo Arellano,1
Padraig Reynolds,1
Gilles Paquet-Brenner,2
Scott Stewart,3
Prawal Raman,1
Parveen Kumar,1
Cassia Dian,1
Vanessa Roth,1
Julie Dash,1
Stan Lathan,4
Alastair Fothergill,4
Jonnie Hughes,1
Keith Scholey,2
David Batra,1
Jon Rudberg,1
Ricky Gervais,3
Alex Coletti,1
Hèctor Hernández Vicens,1
Amman Abbasi,1
Rob Seidenglanz,2
Dylan Haegens,1
Bas van Teylingen,1
Noah Baumbach,7
Jake Paltrow,1
Tom Edmunds,1
Caryn Waechter,1
Tanveer Khan,1
Danny J. Boyle,1
Svetlana Cvetko,1
Demetri Martin,2
Tanuj Bhramar,1
Hsu Chih-yen,1
Mag Hsu,1
Jason Priestley,1
Gauri Shinde,1
Neil LaBute,1
Fernando Ayllón,7
Harrison Smith,1
Adam Wingard,1
Darren Lynn Bousman,2
Al Campbell,1
Alice Mathias,1
Clay Porter,1
Meltem Bozoflu,2
Abhishek Chaubey,3
Julio Soto Gurpide,1
K.C. Bokadia,1
Anees Bazmee,6
Louis J. Horvitz,1
Edward Zwick,1
Ken Burns,5
Artemis Joukowsky,1
Stefan Brogren,1
Sydney Freeland,1
Rakeysh Omprakash Mehra,4
Abhinay Deo,3
Gupse Özay,1
Dennis Iliadis,1
Camilla Nielsson,1
Will Canon,1
Christian Gudegast,1
Diego Kaplan,1
Frederick Cipoletti,1
Sam Patton,1
LP,1
Lucas Figueroa,1
Gabriela Tagliavini,1
Su I-Hsuan,1
Chuang Shiang-an,1
Liu Yi,1
Mohamed Samy,3
Christopher Smith,2
Jamal Hill,1
Michael Feifer,1
Saara Cantell,1
Clay Staub,1
Masaaki Yuasa,2
Indra Kumar,5
Vivek Agnihotri,1
Fuwad Khan,1
Manish Saini,1
Kiran Rao,1
Umesh Shukla,2
Hark Tsui,1
Ben Ryder,1
Benoît Jacquot,1
Kirsten Johnson,1
Johnny Breedt,1
Volker Weicker,1
Joey So,6
Farhan Akhtar,4
Kundan Shah,4
Mani Ratnam,3
Manjeet Maan,1
Fajar Bustomi,3
Pidi Baiq,3
Chia-Liang Liu,4
B. Subhash,1
David 'Tosh' Gitonga,1
Michael Jones,1
Todd Standing,1
Benjamin Arfmann,1
Houda Benyamina,2
Bruno Garotti,2
Quentin Tarantino,8
Maïwenn,1
Habib Faisal,1
Deepti Naval,1
David Lean,1
Paul Schrader,1
Alankrita Shrivastava,1
Francis Whately,1
Debbie Allen,1
Philip Marlatt,1
Charles Martin Smith,1
Mahin Ibrahim,1
Austin Kolodney,1
Will Lowell,1
David Beier,1
Dave Dorsey,1
Xu Zhang,1
Alana Waksman,1
Jon YonKondy,1
Drue Metz,1
Brandon Somerhalder,1
Jared Hess,2
Troy Nixey,1
Mark Lewis,1
Caradog W. James,1
Daniel Gordon,1
Mike Birbiglia,2
Ángel Gómez Hernández,1
Michelle Caputo,1
Mike Newell,4
Andrzej Bartkowiak,2
Tony Giglio,1
Gagan Puri,1
KVR Mahendra,1
Tarun Mansukhani,2
Cris D'Amato,1
Bruce Beresford,2
Teddy Chan,1
John Patrick Shanley,1
Aleksey German,1
M.J. Isakson,1
Kubhaer T. Jethwani,1
Bo Welch,1
Scott Mosier,1
Yarrow Cheney,1
Chris Renaud,2
Kyle Balda,1
Takashi Yamazaki,1
Ryuichi Yagi,1
Makoto Hanafusa,1
Wilson Yip,5
Rob Cohen,3
Colin Teague,1
Doug Lefler,1
Patrik Syversen,1
Ivan Silvestrini,1
Elaine Bogan,1
John Sanford,1
TJ Sullivan,3
Greg Rankin,3
Greg MacGillivray,3
Tristan Ferland Milewski,1
Andrew Jenks,1
Reiner Holzemer,1
Yeung Yat-Tak,1
Nishikant Kamat,4
Fred Wolf,1
Che Sandoval,1
Norihisa Hiranuma,1
Miguel Arteta,1
Chris Jenkins,1
Olivia Milch,1
Afia Nathaniel,1
Eeshwar Nivas,1
Anne Fletcher,1
Ramesh Talwar,1
Shagufta Rafique,1
Emma Hatherley,1
Katy Chevigny,1
Ross Kauffman,2
Julien Leclercq,2
Dave Green,1
Wash Westmoreland,1
Anthony Lucero,1
Will Gluck,2
Ryan Murphy,2
Sarjun,1
Andrew Slater,1
Matt Bell,1
Bruce Gowers,1
Robert Townsend,1
Bobby Roth,1
David Moreton,1
Halder Gomes,1
Francesco Imperato,2
Tharun Bhascker,1
Ajithkumar,1
Richard Laxton,1
Naya Anindita,1
Harjit Singh,1
Saeed Hamed,1
Suparn Verma,2
Shelly Chopra Dhar,1
Shakun Batra,2
Yılmaz Erdoğan,8
Philipp Stölzl,2
David E. Talbert,2
Vince Gilligan,1
Matías Gueilburt,3
Joseduardo Giordano,1
Sergio Goyri Jr.,1
Justin Webster,2
Pablo Aulita,1
Emir Kusturica,1
Lorena Munoz,1
Alessandro Angulo,2
Gabriela García Rivas,1
Kate Horne,1
Federico Lemos,2
Peter Mimi,1
K. Ramanlal,1
Petra Costa,3
Bassam Kurdali,1
Akhigbe Ilozobhie,1
Chanda Bell,2
Ciarán Foy,2
Isabel Coixet,1
John Bridcut,1
Sebastian Gutierrez,1
Joel Gallen,1
Tig Notaro,2
Fabien Beziat,2
Hugues Nancy,2
Nils Tavernier,1
Jennifer Westcott,1
Jon Spira,1
Michael Thelin,1
Saurabh Kabra,1
Riri Riza,6
Neil Triffett,1
Kim Nguyen,3
Greg Coolidge,1
Ajay Phansekar,1
Rob Epstein,1
Jeffrey Friedman,1
Denis Villeneuve,1
Praveen Nischol,1
Max Amini,1
Jenny Carchman,1
Harry Bradbeer,1
Jason James,1
Alex Burunova,1
Robert Clouse,1
Matthias Hoene,1
Drake Doremus,2
Kurt Wimmer,1
Eric Notarnicola,1
Eric Idle,2
Aubrey Powell,1
Paul Urkijo Alijo,1
Scott McAboy,1
Wojciech Marczewski,1
Sherif Arafa,2
Alejandro Doria,1
Marcelo González,1
Valeria Golino,1
David Dobkin,2
Tom Shadyac,1
Hideaki Anno,2
Orlando von Einsiedel,3
Icíar Bollaín,1
Paul W.S. Anderson,2
Robi Michael,1
Joyce Bernal,2
Trey Borzillieri,1
Barbara Schroeder,1
Ivan Reitman,2
Basava Shankar Eeday,1
Alex Garland,1
James Lee,1
Stuart Baird,1
Anders Sømme Hammer,1
Marius Arnesen,1
Klaus Erik Okstad,1
Olav Njaastad,1
Michael Whitton,1
Ben Wallis,2
Selima Taibi,1
Seiji Mizushima,1
Joseph Mbah,1
Ben Young,1
Sam Hargrave,1
Joe Berlinger,4
Dan Krauss,1
Paco Plaza,2
Benny Fine,1
Sean Olson,1
Rodrigo Toro,1
Francisco Schultz,1
Matt Toronto,1
Gautier & Leduc,1
Robert Krantz,1
Michael McKay,4
Sanjay Jadhav,2
Falz,1
Sedat Kirtan,1
Kubilay Sarikaya,1
Sonny Mallhi,1
Hardik Mehta,2
Salmeen AlMurry Amer,1
Keith L. Smith,1
Michał Tylka,1
Nagraj Manjule,2
Barry Gonzalez,1
Baljit Singh Deo,2
Shadi Ali,1
Adrien Lagier,1
Ousmane Ly,1
Kader Aoun,1
Milton Horowitz,1
Peter Sullivan,2
Hitoshi Namba,1
Ian Barber,1
Leslye Davis,1
Catrin Einhorn,1
Terry Gilliam,4
Cory Edwards,1
Ally Pankiw,1
Peter Spirer,2
Elissa Down,1
Scott L. Montoya,2
Diego Pignataro,3
Jan-Peter Horns,1
Johanna Demetrakas,1
Rajesh Mapuskar,1
John Hughes,1
Norman Jewison,2
Anna Wieczur-Bluszcz,1
Biyi Bandele,1
Fouad Al Shatti,1
Luke Jurevicius,1
Padraic McKinley,1
Ari Levinson,1
Tony Zierra,1
James Wong,2
David R. Ellis,3
Theodore Boborol,3
Marla M. Ancheta,1
Gianfranco Rosi,2
Drea Cooper,1
Zackary Canepari,1
Dylan Mohan Gray,1
Aruna Raje,1
Sabal Singh Shekawat,1
George Ford,2
Akiyuki Shinbo,1
Nobuyuki Takeuchi,1
Arthur Muhammad,1
Steven C. Miller,2
Roy Poortmans,1
Paul Soriano,2
Olivia Newman,1
Nirpal Bhogal,1
Chris Foggin,1
Keith Malloy,1
Andrew Renzi,1
Célia Catunda,1
Kiko Mistrorigo,1
Rodrigo Eba,1
Abhishek Kapoor,3
Gerry Blaksley,1
Laurent Bouzereau,1
Cheh Chang,3
Maris Curran,1
Khalid Mohamed,1
Marc Abraham,1
Xiaoxing Yi,1
Yoshitaka Takeuchi,1
Haoling Li,1
Kang Cheng,1
Shan Hua,1
Asri Bendacha,1
Mercedes Cordova,1
Juan Manuel Cotelo,1
Mark Helenowski,1
Kevin Pang,1
Dean Wright,1
Rucha Humnabadkar,1
Mark Murphy,1
Richard Miron,1
Digo Ricio,1
Adam Nimoy,1
Carlos Therón,1
Jon Carey,1
Adam Darke,1
Fred M. Wilcox,1
Akhil Paul,1
Anas Khan,1
Maya Zinshtein,1
Antonio Morabito,1
Hang-Jun Jang,1
Lee Fulkerson,1
Krysia Plonka,1
Seth Gordon,1
Brad Anderson,2
Francesco Carrozzini,1
Ulises Valencia,2
Matthew Ross,1
G.J. Echternkamp,3
Daniel Gray Longino,2
Grant S. Johnson,1
Ippsie Jones,1
Trudie Styler,1
Adam B. Stein,1
Zach Lipovsky,1
Felix Binder,1
Ben Wheatley,2
Marek Losey,1
Gary Ross,1
Simon Wincer,2
Tinu Pappachan,1
Ahmed Zain,2
Marc Levin,1
Sameh Abdulaziz,6
Wade Allain-Marcus,1
Jesse Allain-Marcus,1
Paul Krüger,1
Anél Stolp,1
Jude Okwudiafor Johnson,1
Marcus Nispel,1
Simon Verhoeven,1
Raj Khosla,1
Ali F. Mostafa,2
Mahmoud Karim,2
Werner Herzog,4
Pierre Morel,2
Heber Cannon,2
Andrew Dean,1
Courtney Hunt,1
Mrighdeep Singh Lamba,1
Avinash Walzade,1
Robert Eagar,1
Sean Cisterna,2
Jeff Deverett,1
Fumihiko Sori,1
Yasuhiro Irie,1
Alethea Jones,1
Denis Do,1
Bob Rose,1
Deepa Mehta,1
Le Van Kiet,1
Adam Del Giudice,1
Lai Chun-yu,1
Chris Smith,2
Ferzan Özpetek,1
Hoyt Yeatman,1
Kıvanç Baruönü,5
Krish,1
Manny Rodriguez,5
Fellipe Barbosa,1
Michael Simon,6
Mario Rouleau,1
Amitoj Mann,3
Chris Moukarbel,1
Pavel Parkhomenko,1
Lucky Kuswandi,1
Ahmed Al-Badry,3
Ashwin Saravanan,3
Kyle Newacheck,2
Ivan Andrew Payawal,1
Jean-Claude Flamand-Barny,1
Keiichi Sato,1
Yasushi Kawamura,1
Austin Peck,1
Anneliese Vandenberg,1
Mark A.Z. Dippé,3
Kyung Ho Lee,1
Eondeok Han,1
Riki Lindhome,1
Jeremy Konner,1
Glenn Weiss,1
Ifa Isfansyah,2
Rudy Soedjarwo,2
Yen Cheng-kuo,1
Walter Taylaur,1
Hiroshi Katagiri,1
Manbhavan Singh,1
P.K. Baaburaaj,1
Naoto Amazutsumi,1
Suseenthiran,1
David Grossman,1
Guy Vasilovich,1
Nicholas Stoller,1
Olivier Abbou,1
Dylan Bank,1
Daniel DiMauro,1
Morgan Pehme,1
Iñaki Dorronsoro,1
David Silberg,1
Amin Dora,1
Rich Ragsdale,1
Kazuchika Kise,3
Masahiko Murata,4
Mark Steven Johnson,2
Bassam Tariq,1
Eric Bress,1
Patrick Graham,1
Partho Ghosh,1
Vincente Minnelli,1
Charles Walters,1
Ron Krauss,1
Florent Bodin,3
Paul M. Green,1
Sally Potter,1
Puneet Khanna,1
Lukas Dhont,1
Travis Stevens,1
Weica Wang,2
Michael Paul Stephenson,1
Tsutomu Mizushima,2
Olivier Afonso,1
James D. Stern,1
Fernando Villena,1
Go Koga,1
Brett Whitcomb,1
Peter Lepeniotis,2
Owen Trevor,1
Mauro Scandolari,1
Harold Cronk,2
Jedd Wider,1
Todd Wider,1
Gordon Chan,1
Michael Mason,1
Francis Lee,1
Kobun Shizuno,3
Hong Won-ki,1
Takuya Inaba,1
Sam de Jong,1
Ivan Sen,1
Kabir Sadanand,2
Mark Landre Gould,1
Neslihan Yesilyurt,1
Umut Aral,1
Jeff Stilson,1
Chris McCoy,1
Wendy Jo Carlton,1
Tarek Abdel Moaty,1
Mark Helfrich,1
George Clooney,2
Henrik Ruben Genz,1
Kate Melville,1
Benny Safdie,2
Josh Safdie,2
Justin Chon,1
Jay Baruchel,1
Ari Sandel,2
Punit Malhotra,2
Robert Altman,2
Danny Cannon,1
Mathieu Kassovitz,1
Ananth Narayan Mahadevan,1
Jerrold Tarog,2
Clint Eastwood,5
B. Unnikrishnan,1
Ahmed Zein,2
Tanuj Chopra,1
Fab Five Freddie,1
Randal Kleiser,1
David Hunt,1
Abba T. Makama,2
Peter Orton,2
Juani Libonatti,1
Allan Ungar,1
Nanette Burstein,1
Miranda de Pencier,1
Eric Juhola,1
Ignacio Jaunsolo,1
Sam Macaroni,1
Ruchi Narain,1
Dani de la Torre,1
Anjali Nayar,1
Arjun Jandyala,1
Sharan Sharma,1
Shanker Raman,1
James Woodroffe,1
Sanjay Leela Bhansali,1
Faozan Rizal,1
Ali Taner Baltacı,2
Ibrahim Bin Mohamed,2
Hasan Aljaberi,1
Ali Bin Matar,1
Oluseyi Asurf,2
Mohit Suri,2
Nila Madhab Panda,3
Shinji Aramaki,1
Mamoru Oshii,1
Hideki Futamura,1
Toshiyuki Kanno,1
Tomoki Kyoda,1
Koichi Mashimo,1
Yasushi Muraki,1
Daisuke Nishio,1
Frank O'Connor,1
Koji Sawai,1
Joseph Chou,1
Hiroshi Yamazaki,1
Ian Kirby,1
Satish Kaushik,2
John Irvin,1
Aijaz Khan,1
Akram Farouk,1
John Butler,1
Jeff Garlin,1
Johnny Martin,1
Madeleine Parry,2
Jon Olb,1
Doesjka van Hoogdalem,1
Tim Van Someren,1
Mamat Khalid,1
Jared Stern,1
Alice Rohrwacher,1
Amarpreet G S Chabbra,1
Joe Dietsch,1
Louie Gibson,1
Farah Khan,4
Luis Javier M. Henaine,1
Shlok Sharma,2
Matt Eskandari,1
Eric Laneuville,1
Robert Osman,1
Nathanael Wiseman,1
Ilya Naishuller,1
Bobcat Goldthwait,3
Paresh Mokashi,1
Jon Hurwitz,1
Hayden Schlossberg,1
Danny Leiner,1
Daniel Raim,1
Ah Loong,1
Ron Davis,2
Justin Bare,1
Matthew Miele,1
Aamir Bashir,1
Vinil Mathew,1
Alberto Arnaut Estrada,1
Jon Schnitzer,1
Brant Sersen,1
Donick Cary,1
Eddie Martin,1
Andrew C. Erin,1
Vibhu Virender Puri,1
Şenol Sönmez,2
Steven Soderbergh,6
Lucien Jean-Baptiste,1
Davis Guggenheim,2
Jason Krawczyk,1
Quinn Lasher,1
Elle Callahan,1
Ana Kokkinos,1
Timo Tjahjanto,3
Kimo Stamboel,1
Jalil Lespert,3
Kelly Noonan,1
David Mirkin,1
Chris Sivertson,2
Lucien Bourjeily,1
Huang Jianming,1
Leung Lok Man,1
Luk Kim-ching,1
Tom Gianas,1
Ross R. Shuman,1
David Mackenzie,3
Guillermo del Toro,2
Sohail Khan,1
Alex Stapleton,1
Eli Roth,3
Christel Gibson,1
Prakash Mehra,3
Corey Yuen,2
Joaquín Mazón,1
Elaine McMillion Sheldon,2
Raymie Muzquiz,1
Stu Livingston,1
Timothy Woodward Jr.,3
Stacia Crawford,1
Shawn Arranha,1
Liu Jie,1
Shigeaki Kubo,5
Tsuyoshi Nakakuki,2
Yudai Yamaguchi,1
Pankaj Batra,3
Byun Hyuk,1
Scott Hicks,2
Imtiaz Ali,6
Sajid Khan,1
Lucy van Beek,1
Remi Weekes,1
Jennifer Lynch,1
Vishnu Govindhan,1
David Palmer,1
Dax Shepard,1
Andy Tennant,4
Joachim Fest,1
Christian Herrendoerfer,1
Daniel Kontur,2
Daniel Ablin,1
Lars Kaalund,1
Asim Raza,1
Gordon Anderson,1
Neil Armfield,1
André Odendaal,1
Johan Vorster,1
John Whitesell,1
Leslie Small,7
Anthony Scott Burns,2
Nicholas McCarthy,1
Adam Egypt Mortimer,1
Gary Shore,1
Kevin Kolsch,1
Dennis Widmyer,1
Michael A. Nickles,1
Javier Ambrossi,1
Javier Calvo,1
Curro Velázquez,1
Will Allen,1
Note Chern-Yim,3
Rakshith Thirthahalli,1
Kaila York,1
Beyoncé Knowles-Carter,1
Anindya Chatterjee,1
Bille Woodruff,2
Reema Kagti,2
Rebecca Johnson,1
Mike Disa,1
Tim Hill,1
Sudip Bandyopadhyay,1
Pailin Wedel,1
Brodje Wemboendja,1
Alexandre Aja,1
Gary Andrews,1
Ayush Raina,1
Jeff Baena,3
Marty Stalker,1
Scott Cooper,1
Michael Polish,1
Yuki Yamato,1
Jill Bauer,2
Ronna Gradus,2
Rashida Jones,2
Max McGill,1
Akiva Schaffer,3
Andaç Haznedaroğlu,1
Thor Freudenthal,1
Janusz Majewski,2
Genndy Tartakovsky,1
Shashanka Ghosh,2
Samit Basu,1
Mark Tonderai,2
Alex Merkin,1
Sandy Chronopoulos,1
Ziga Virc,1
Bruce Leddy,1
David M. Rosenthal,2
Tom O'Dell,1
Ken Marino,1
Lionel C. Martin,1
Jerry Rothwell,2
Joanna Lombardi,1
Bruno Ascenzo,1
Jocelyn Moorhouse,1
Cal Seville,2
Dean DeBlois,1
Cal Saville,1
James Ivory,1
Amar Gupte,1
Frank Paur,1
Sooraj R. Barjatya,6
Adam Bolt,1
Raj Kanwar,1
Shashank Khaitan,1
Drew Casson,1
Taika Waititi,2
Keoni Waxman,2
Jonathan Mostow,2
Harshavardhan Kulkarni,1
Matt Kugelman,2
Saji Surendran,1
Gabriel Grieco,1
Benjamin Turner,2
Gabe Turner,1
Jeffrey Schwarz,1
Mary Mazzio,1
Christophe Charrier,1
Laura VanZee Taylor,1
Justin Kelly,1
Grant Sputore,1
Eleonore Pourriat,1
Feng Xiaogang,1
Raoul Peck,1
Adam Sjöberg,1
Osgood Perkins,2
Ross Boyask,2
Unjoo Moon,1
Chuck Russell,1
Kasper Collin,1
Macon Blair,1
Douglas McGrath,1
Maria Demeshkina Peek,1
Jérémy Clapin,1
Laura Mañá,1
Ken Loach,1
Justin Krook,1
Steve Race,1
Lindsey Cordero,1
Armando Croda,1
Fernando Frías de la Parra,1
Charlie Kaufman,1
Hong-seon Kim,1
Alex Richanbach,1
Adam Randall,1
Bryan Fogel,1
Brett Harvey,1
Law Wing-cheong,1
Sachin,2
Will McCormack,1
Michael Govier,1
Tony Leondis,1
Sanjib Dey,1
Steve Paley,2
Kim Jee-woon,1
Karey Kirkpatrick,1
Karan Shivajirao Chavan,1
Vikram Tanajirao Patil,1
Walerian Borowczyk,1
Steve Cheng,1
Malik Vitthal,1
Ti West,1
Anthony Byrne,1
Joel Oliansky,1
Patricia Font,2
Tope Oshin,3
Frank Rajah Arase,2
Hamad AlSarraf,1
Taron Lexton,1
Johannes Roberts,1
Jim Mickle,1
Vincenzo Natali,1
Sunao Katabuchi,1
Christopher Nolan,1
Aytaç Ağırlar,1
Eric Zaragosa,1
Suman Mukhopadhyay,1
Jonathan Baker,1
Elizabeth Chai Vasarhelyi,1
Brad Bird,2
Sanjeev Gupta,1
Stephen S. Campanelli,1
John Stewart Muller,1
Jacob Kornbluth,2
Luca Vullo,1
Sittisiri Mongkolsiri,1
Ziad Doueiri,2
Alan Mak,1
Iain Softley,1
Seren Yüce,1
K. Subhash,1
Michael J. Bassett,2
James Wan,2
Eugenio Derbez,1
Michael Gallagher,1
Vetrimaaran,1
Christopher Martin,1
Patricia Rozema,2
Sean Penn,2
Alejandro Montiel,2
Toshiya Shinohara,4
Pablo Giorgelli,1
Charles Officer,1
John Trengove,1
Jonathan Helpert,1
Kedar Shinde,2
Jacob Schwab,1
Serge Ou,1
Leo Riley,2
Timo Vuorensola,1
Stephanie Laing,1
Rohena Gera,1
Prime Cruz,1
V. K. Prakash,1
Oliver Kienle,1
Chairun Nissa,1
Jadesola Osiberu,1
Manish Tiwary,1
Trey Edward Shults,2
Billy Lyons,1
Aniedi Anwah,1
Maria Ripoll,3
Abhay Chopra,1
Zatella Beatty,1
Young Jun Lee,1
Shirish Kunder,3
Abbas Tyrewala,1
Mathias Malzieu,1
Stéphane Berla,1
Harvey Glazer,1
Stuart Stone,1
Stuart Orme,1
Brian Klein,2
Richard van't Riet,1
Dave Skinner,1
Freddie Waters,1
Dustin Nguyen,1
Kumaran,1
Johan Brisinger,1
Shanjey Kumar Perumal,1
Navjot Gulati,1
Jimmy Henderson,1
Girish Malik,2
Dan Lucchesi,1
Azfar Jafri,1
Aadish Keluskar,1
Rohit Jugraj,4
Ksshitij Chaudhary,2
Sergio Barrejón,1
Robb Dipple,1
Matthew McNeil,1
Jon M. Chu,3
Gillian Robespierre,2
Lydia Tenaglia,1
Michael Bonfiglio,1
Joe DeMaio,2
Christian Charles,1
Marty Callner,1
Ali Scher,1
Gerry Hoban,1
C. Fitz,1
Numa Perrier,1
Michael Drumm,2
Jeannie Gaffigan,1
Scott Zabielski,3
Joe Boyd,1
John A. Davis,1
Navaniat Singh,2
Stephen Herek,1
David Gelb,1
Radhu Karmakar,1
Lee Jeong-beom,1
Griffin Dunne,2
José Miguel Contreras,1
Ashutosh Gowariker,6
John Edginton,1
Anthony Giordano,2
Ashim Ahluwalia,1
Michael Epstein,1
Andrew Stanton,1
Ahishor Solomon,1
Will Forbes,1
Rhys Thomas,2
Aditya Vikram Sengupta,1
Lô Politi,1
Bill Oliver,1
Toby Haynes,1
Amardeep Singh Gill,1
Rob LaDuca,1
Robert C. Ramirez,1
Joe Piscatella,1
Sébastien Betbeder,1
Sudabeh Mortezai,1
Clark Johnson,2
Judah Friedlander,1
Atharv Baluja,1
Susannah Heath-Eves,1
Nora Ephron,1
Kenny Ortega,1
Salim Akil,1
Phil Morrison,1
Roberto Santucci,1
Ole Bornedal,1
Andy Caballero,1
Diego Corsini,1
Richard Gabai,1
Jonathan Demme,3
Stephanie Turner,1
Kathryn Bigelow,1
Bedran Güzel,3
Sanjay Gupta,1
Makarand Mane,2
Kranti Redkar,1
Rai Yuvraj Bains,1
Soham Shah,1
Terrie Samundra,1
Tinnu Anand,1
Jijo Pancode,1
Pa. Ranjith,1
Sandeep Reddy Vanga,1
Buta Singh,1
Roger Allers,3
Gaëtan Brizzi,1
Paul Brizzi,1
Joan C. Gratz,1
Mohammed Saeed Harib,1
Tomm Moore,1
Nina Paley,1
Bill Plympton,1
Joann Sfar,1
Michael Socha,1
Pooja Bhatt,1
Nikkhil Advani,1
Sundar C.,2
Rupert Jones,1
Hani Al-Shaibani,1
Dhilip Kumar,1
Mandla Dube,1
Arun Chidambaram,1
Jayan Moodley,1
Desingh Periyasamy,1
Musthafa,1
Wagner de Assis,1
Ali Ragab,2
Vijay Lalwani,1
Hanung Bramantyo,7
James Mangold,1
Sai Paranjape,1
Linda Mendoza,3
Colin Dench,1
Lorene Machado,1
Brit McAdams,1
Alphonso J. Wesson,1
Gary Binkow,1
Nikhil Advani,2
Vineeth Anil,1
Madhumita,1
Lynn Novick,2
Angshuman Ghosh,1
Tim Story,2
Tom Stern,1
Andy Fickman,2
Paul Miller,1
Lori Kaye,1
Subhash Ghai,4
Mohammed Hussain,1
Surya S.J.,1
Sunil Kumar Agrawal,1
Sudipto Roy,1
Dimitri Logothetis,1
John Stockwell,2
Thomas Sieben,1
Tugçe Soysop,1
Steven Gomez,1
Frédéric Tonolli,1
Paul Tanter,1
Jonathan Hensleigh,1
Avinash Arun,1
Damián Romay,2
Darren Grant,1
Andrew Dominik,1
Attila Till,1
Paul Katis,1
Felix Thompson,1
Kemi Adetiba,2
Sam Voutas,1
Jeffrey W. Byrd,1
Lucy Cohen,1
Steve Greenwood,1
Peter Farrelly,3
Bobby Farrelly,2
Deniz Gamze Ergüven,1
Puneet Sira,1
Gary Fleder,1
Joshua Tickell,1
Rebecca Harrell Tickell,1
Sigrid Andrea Bernardo,1
Woo Ming Jin,1
Sergio Pablos,1
Rachel Lears,1
Frank Capra,4
Joris Ivens,1
Alex Proyas,2
Mark Raso,1
Partho Mitra,1
Jonathan Taylor,1
Chakri Toleti,1
Noor Imran Mithu,1
Joachim Rønning,1
Espen Sandberg,1
Gulzar,1
Hans Petter Moland,1
Munjal Shroff,3
Tilak Shetty,6
Ravikanth Perepu,1
Santram Varma,1
Oliver Blackburn,1
Datta Mohan Bhandare,1
William H. Macy,1
Anil V. Kumar,1
Remy Kohli,1
Stephen Chow,2
Andrés Couturier,1
Tim Johnson,1
Rodolphe Guenoden,1
Stanley Tong,2
Suresh Pillai,1
Renzil D'Silva,2
Tensai Okamura,2
Yusuf Pirhasan,1
Sangeeth Sivan,2
Umesh Ghadge,1
Devin Chanda,1
Samir Karnik,1
Camille Shooshani,1
Leandro Mark,1
Nicolás Silbert,1
Daniel Lindsay,2
T.J. Martin,2
Luis Valdez,1
Giulio Base,1
Antonio Díaz,1
Pepe Mora,1
Roberto Girault Facha,1
Alejandro Lozano,1
Syed Ahmad Afzal,1
Manav Shah,1
Sopon Sukdapisit,1
Uraaz Bahl,1
Greta Gerwig,1
Chris Nahon,1
M. Night Shyamalan,2
Emmanuel Mouret,1
Lygia Barbosa da Silva,1
Eliane Brum,1
Mike Ezuruonye,1
Sushil Majumdar,1
Sam Loh,1
Tosin Coker,2
R. Ellis Frazier,2
Alex Parkinson,1
Richard da Costa,1
Jaki Bradley,1
Kazuaki Kiriya,1
Massy Tadjedin,1
Juliet May,1
Frank W Chen,1
Regina Welker,1
Nina Wels,1
John Hillcoat,2
Matthew Vaughn,2
Mijke de Jong,1
Damien Piscarel,1
Emmanuel Amara,1
Leslie Iwerks,2
Anand Tucker,1
Eric Summer,1
Éric Warin,1
Roy Allen Smith,1
Ron Myrick,3
B.N. Shajeer Sha,1
Lee Daniels,1
Vic Armstrong,1
Brian Helgeland,1
Zack Snyder,1
Yang Lei,1
Joe Menendez,1
Rick Morales,1
Stephen Murray,1
Anders Falck,1
Stinus Morell Vithner,1
Michael D. Black,2
Rob Silvestri,1
Greg Richardson,1
Ashraf Fayeq,1
Jayaprakash Radhakrishnan,1
Mario Cambi,1
Pascal Blanchard,1
Sonia Dauger,1
David Dietz,1
Tom Hooper,3
David Benioff,1
D.B. Weiss,1
Kim A. Snyder,2
John Ridley,1
Luke Snellin,1
John Huston,4
Inas El-Degheidy,1
Onur Ünlü,1
Jenna Laurenzo,1
Vince Marcello,3
Geetu Mohandas,1
Brian Webber,1
Jason Spingarn-Koff,1
Rakesh Mehta,1
Pawan K Shrivastava,1
John Haptas,1
Kristine Samuelson,1
Justin McConnell,1
Ekene Som Mekwunye,1
Kevin Peeples,1
Lauren Miller Rogen,1
Alfonso Arau,1
Sebastian Jones,1
Ramez Silyan,1
Charles Stone III,3
Prasobh Vijayan,1
Vrinda Samartha,1
Jazz Boon,1
Isabel Sandoval,1
Karim El Sobky,1
Genevieve Nnaji,1
Ellen Weissbrod,1
Rob Meyer,1
Hua Shan,1
Eli Craig,2
Tim Bartley,1
Robyn Butler,1
Ira Sachs,1
Matt Kay,1
Richard Greenberg,1
Prakash Satam,5
Zach Clark,1
Ramsey Nouah,1
Nick Gomez,1
Rene Bueno,1
Fouad El-Mohandes,1
Guy Ritchie,2
Steven Knight,2
James Mather,1
Steve Saint Leger,1
Fernando Sariñana,1
José Luis Gutiérrez,1
Sudhanshu Saria,1
Michael Anderson,1
Eduardo Roy Jr.,2
Christian Zübert,1
Mark McQueen,1
Kristian Mercado,2
Jakob Verbruggen,1
Jacob LaMendola,1
Jennifer Baichwal,1
Nicholas de Pencier,1
Sze Yu Lau,2
David Wnendt,1
Parambrata Chatterjee,2
Juan Carlos Rulfo,1
Jorge Hernandez Aldana,1
Ignacio López Escrivá,1
Tom Donahue,1
Sarah Moshman,1
Guillaume Pierret,1
Liz Garbus,2
Sunkanmi Adebayo,1
Christopher Guest,2
Louis C.K.,3
Jatla Siddartha,1
RZA,1
Charneice Fox,1
Pang Ho-cheung,2
Andy Delaney,1
Monty Whitebloom,1
Alfons Adetuyi,1
Theodore Witcher,1
Lasja Fauzia Susatyo,1
Saandeep Patel,1
Tianyu Zhao,1
Anand Tiwari,1
Steven Fine,1
Ahmad Samir Farag,1
Dean Craig,1
Sridhar Jetty,1
Christian Ditter,1
Anita Barbosa,1
So Yong Kim,1
Alma Har'el,1
Jeff Nichols,3
Katherine Brooks,1
Lucas Margutti,4
Ana Quiroga,1
Jun-seong Kim,1
Ranjit Tiwari,1
Radhika Rao,1
Vinay Sapru,1
Laxman Utekar,1
Hayao Miyazaki,1
Prabhuraj,1
Ticoy Rodriguez,1
Sameer Sharma,1
Jayan Vannery,1
George C. Wolfe,2
Pratim D. Gupta,3
Dylan C. Brown,1
Debaloy Dey,1
Robert Rodriguez,8
Antonio Serrano,2
George Miller,1
Callie Khouri,1
Jim Monaco,1
Chun Wong,1
Eric Darnell,2
Tom McGrath,1
Ben Patterson,1
Mikhil Musale,2
Satyajit Bhatkal,2
Shoojit Sircar,1
Aaron Burns,1
Iginio Straffi,2
Luc Vinciguerra,2
Benjamin Ree,1
Amaan Khan,1
Amarjit Virdi,1
Gaurav Bavdankar,1
Li Pei-Chuan,1
Prem Soni,1
Chandan Arora,1
Nathan Wiley,1
Marlene Melchior,1
Oded Raz,1
Sameer Vidwans,2
Mangesh Hadawale,1
Olaf de Fleur,1
Michael Winnick,1
Raj R,1
Amro Salah,1
Keanu Reeves,1
Chang-Min Lee,1
Ben Palmer,1
Shyam Benegal,4
Tathagata Banerjee,1
David Gordon Green,2
John Upchurch,1
Tom O'Brien,1
John Woo,1
Shamzu Zayba,1
David Fincher,5
Rahul Ravindran,1
Michael Roberts,1
Navdeep Singh,1
Shammi Kapoor,1
J. Davis,1
Nandita Das,1
Rahat Kazmi,1
Phanindra Narsetti,1
Amshan Kumar,1
David Cronenberg,1
Clive Tonge,1
Lynn Shelton,4
Caio Cobra,1
Alik Sakharov,1
Pedring A. Lopez,1
Jessica Yu,1
Jordan Brady,1
Nathan Landeg,1
Pulkit,1
Sunil Thakur,1
Everardo Gout,1
David Raynr,1
David Batty,5
Jean-François Blais,1
Deepika Narayan Bhardwaj,1
Eric Drath,1
Mitch Schauer,2
Eric Radomski,2
Hiromasa Yonebayashi,2
Omung Kumar,1
Rob Marshall,1
Malik Nejer,1
Neeraj Udhwani,1
Shekhar Kapur,1
Ui-seok Jo,1
Yuen Woo-ping,1
Obaid Alhmoudi,1
Pablo D'Alo Abba,1
Craig Freimond,1
Sudesh Manjrekar,2
Atul Kale,1
Aditya Sarpotdar,2
Daniel Noah,1
Philip Yung,1
Hassan Hegazy,1
Shady Ali,1
Bob Hercules,1
Rita Coburn Whack,1
Muh Chen,1
Samuel D. Pollard,1
Maz Jobrani,1
Jesús Magaña Vázquez,1
Nathan Morlando,1
Melanie Mayron,1
Mina Shum,1
Jacek Koprowicz,1
Paul Berczeller,1
Mark Radice,1
Anik Datta,1
Saravana Rajendran,1
Binu Ulahhannan,1
Bob Odenkirk,1
Shin-yeon Won,1
Lucas Santa Ana,1
Janet Tobias,1
Claus Wehlisch,1
Barry Sonnenfeld,3
Ayman Makram,1
Josh Z. Weinstein,1
Joshua Z. Weinstein,1
John Barnard,1
Hepi Mita,1
Sacha Wolff,1
David Sington,2
Heather Walsh,1
Chris Sparling,1
Owen Egerton,1
Lenin Bharathi,1
James Hawes,1
Toka McBaror,3
Atlee Kumar,1
Fabrice Du Welz,1
Nimród Antal,1
Bruce Sinofsky,1
Ananda Krishnan,1
Julio Fernández Talamantes,1
Shojiro Nishimi,1
Guillaume Renard,1
Alejandro Fernández Almendras,2
Gastón Duprat,3
Santosh Manjrekar,1
Bharat Nalluri,1
Ribhu Dasgupta,2
Oz Rodriguez,2
Daniel Wilner,1
Chris Howe,3
Page Hurwitz,1
George Gallo,1
Maxwell McGuire,1
Clint Butler,1
Alka Amarkant Dubey,1
Seth Barrish,3
L. Frazier,1
Kevin Bray,1
David Mrnka,1
Peter Berg,2
Axelle Laffont,1
Gus Van Sant,2
Andrew Goth,1
Sean Foley,1
Fabio Guaglione,1
Fabio Resinaro,1
Eddie Mensore,1
Matt D'Avella,1
Anil Thomas,1
Gavin O'Connor,1
Mehmet Ada Öztekin,1
Oriol Paulo,1
Mamoru Hosoda,1
Tarsem Singh,2
Emcy Joseph,1
Erwin van den Eshof,2
Lana Wilson,1
Keiichi Hara,1
Narendra Nath,1
Jason Lai,1
Liv Ullmann,1
Kenny Young,2
Jennifer Siebel Newsom,1
Barbara Kopple,1
Julia Hart,1
R.J. Daniel Hanna,1
Robert Nixon,1
David Fairhead,2
Apoorva Lakhia,2
David Blair,1
Osman Ali,1
Anna Boden,1
Ryan Fleck,1
Greg Whiteley,1
Yoshiyuki Momose,2
Akihiko Yamashita,1
Munish Bhardwaj,1
Muhammad Ali,1
Ted Geoghegan,1
William Monahan,1
Aaron Sorkin,2
Ravi Udyawar,1
Martin Rosete,1
Pablo Lejarreta,1
Luis Alfaro,1
Brett Ratner,2
Robert Vince,6
Ahmed El Gendy,1
Holger Tappe,1
Steve Sacks,3
Avgousta Zourelidi,1
Steve Ball,5
Andrew Duncan,2
Sylvain Blais,1
Dustin McKenzie,3
Victor Dal Chele,1
Alfred Gimeno,1
Mike Fetterly,1
Dan Fraga,1
Audu Paden,2
Gil Kenan,1
Leopoldo Aguilar,1
Tom Green,1
Rachel Bell,1
Terry Jones,2
Will Yapp,2
Terry Hughes,1
Ian MacNaughton,2
Roger Graef,1
James Rogan,1
Duncan Jones,2
Barry Jenkins,1
Antoine Bardou-Jacquet,1
Jami,1
Chad Hartigan,1
Michael Mayer,1
Avadhoot Gupte,2
Dilip Mehta,1
Matthew Michael Carnahan,1
Tatsushi Omori,1
Debamitra Biswal,1
Suhas Kadav,1
Jennifer Peedom,1
Thierry Demaizière,2
Alban Teurlai,2
Will Graham,1
James Duffy,1
Jonathan van Tulleken,1
Elizabeth Banks,1
Patrik Forsberg,1
Rusty Cundieff,2
James Gunn,1
Andy Serkis,1
Thiru,2
Tomer Heymann,1
Rob Minkoff,4
Diego Luna,1
Paco Cabezas,1
Noël Wells,1
Lee Eung-bok,1
Anthony Chan,1
Craig Gillespie,1
Wael Ihsan,4
Nabil Ayouch,1
Cristina Costantini,1
Kareem Tabsch,2
Dee Rees,2
Mysskin,2
Andrés Feddersen,1
Yasmin Ahmad,3
Manjeet Singh,1
Anant Balani,1
Syamsul Yusof,1
Navinder Pal Singh,1
Alexandre Heboyan,1
Benoît Philippon,1
James Bobin,2
Varun Narvekar,1
Rajan Madhav,1
Sarthak Dasgupta,1
Dado C. Lumibao,1
Craig Elrod,1
Carlos Morett,1
Lewis Milestone,2
Carol Reed,1
Nakul Singh Sawhney,1
Bruce McDonald,1
Sophie Robinson,1
Lotje Sodderland,1
Álex de la Iglesia,2
Samir Soni,1
Waymon Boone,1
Dash Shaw,1
Nathaniel Warsh,1
Raaghav Dar,1
Dani Levy,1
Howard Zieff,1
Nana Ekvtimishvili,1
Simon Gross,1
Alessandro Pepe,1
Claude Barras,1
Ishi Rudell,5
Jayson Thiessen,2
Denny Lu,1
Mike Myhre,1
Michael Steed,1
Pippa Ehrlich,1
James Reed,1
David Sampliner,1
Siu-hung Chung,1
John Dower,1
Nick Cassavetes,1
Upi Avianto,2
David Lee Miller,1
Atsajun Sattakovit,1
Antongiulio Panizzi,1
Simon Curtis,1
Bunmi Ajakaiye,1
Moataz El Tony,1
Donald Petrie,1
Sabu Varghese,1
Rajesh Touchriver,1
Krishna Agazzi,1
Filippo Gastaldi,1
Dennis Bartok,1
Ben Bowie,1
Geoff Luck,1
Heidi Saman,1
Nonzee Nimibutr,1
Kristin Hanggi,1
Haifaa Al-Mansour,2
Hayato Date,1
Hajime Kamegaki,2
Hirotsugu Kawasaki,1
Toshiyuki Tsuru,1
Amit Saxena,1
Martín Sastre,1
Natalia Valdebenito,1
Phil Burgers,1
Alina Teodorescu,1
Mansore,1
Sonia Kennebeck,1
Gene Quintano,1
Jon Turteltaub,1
Roman Atwood,1
Ben Pluimer,1
Chad L. Scheifele,1
George Stevens,1
Yu Yang,1
Neal Brennan,3
Jaivi Dhanda,1
Hari Nath,1
Pablo Larraín,1
Josh Webber,1
Dennie Gordon,2
Kunal Kohli,2
Kevin R. Adams,1
Joe Ksander,1
Arun Vaidyanathan,1
Faraday Okoro,1
Jordana Spiro,1
Kelly Reichardt,1
Tiller Russell,3
Dan Gilroy,2
Nicholaus Goossen,1
Selvamani Selvaraj,1
Tope Alake,1
James McTeigue,2
Sathyan Anthikad,1
Atsuko Ishizuka,1
Samir Al Asfory,1
Jesús Torres Torres,1
Ruel S. Bayani,2
Vandana Kataria,1
Gaspar Antillo,1
Bartosz M. Kowalski,1
Brian Knappenberger,1
Liz Plonka,1
Anthony Bell,1
Tim Maltby,2
Richard Finn,1
Heidi Ewing,2
Rachel Grady,2
Kiki Goshay,1
Jacqueline Monetta,1
Carlos Sorín,1
Peter Middleton,1
James Spinney,1
Fred Cavayé,1
Alexandre Avancini,2
Rushmore DeNooyer,1
Martin Gorst,2
Giulia Clark,1
Sarah Holt,1
Terri Randall,1
Doug Hamilton,1
Peter Fison,1
Graham Townsley,1
Paula Apsell,1
Kirk Wolfinger,1
Oliver Twinch,2
Llewellyn M. Smith,1
Daniel McCabe,1
Peter Yost,1
Tom Stubberfield,1
Noel Dockstader,1
Quinn Kanaly,1
Gail Willumsen,1
Sacha Gervasi,1
Lesli Linka Glatter,1
Peter Pardini,1
Sam Taylor-Johnson,1
DJ Chen,1
Dana Doron,1
Uriel Sinai,1
Enrico Bisi,1
Lars von Trier,2
Marco Dutra,1
Mat Whitecross,1
Jacques Perrin,1
Jacques Cluzaud,1
Luke Sparke,1
Blair Simmons,2
Nishanth Ravindaran,1
Jathin Sanker Raj,1
Nacho G. Velilla,1
Fernando González Molina,4
Shawn Crahan,1
Florian Schnell,1
Olivier Jean-Marie,1
Poj Arnon,5
Michael John Warren,1
B. V. Nandini Reddy,3
Bong Joon Ho,2
Kitaro Kosaka,1
André D'Elia,1
David Schalko,1
Oliver Stone,4
Lea Glob,1
Ildiko Enyedi,1
Alessio Cremonini,1
Clarence Yiu-leung Fok,1
Heitor Dhalia,1
Pradip Kurbah,1
Felix Chong,1
Kanwal Sethi,1
Matt Askem,6
Charlie Lightening,2
Simon Rumley,1
Sergio Leone,1
Shashilal K. Nair,1
Devika Bhagat,1
Banjong Pisanthanakun,4
Ashok Nanda,2
Morgan Spurlock,2
Roman Gackowski,1
Mike Clattenburg,5
Tim Rouhana,1
Noah Moskin,1
Jasmine D'Souza,1
Manatsanun Phanlerdwongsakul,1
Takashi Doscher,1
Nicolas Winding Refn,1
Michael Civille,1
Bill Guttentag,1
Michael Ware,1
Jill Culton,1
Isaac Rentz,1
Tomas Portella,1
Martin Wood,1
John H. Lee,1
Dante Lam,3
Logan Kibens,1
Chia Tang,1
Mark Ritchie,1
Hatem Khraiche,1
Lee Kirk,1
Peter McDonnell,1
Kiran Narayanan,1
Chris Kelly,1
Ben C. Lucas,1
Parthiban,1
Jayaraj Rajasekharan Nair,1
Mark Franchetti,1
Andrew Meier,1
Jesse Peretz,1
Miguel Ángel Lamata,1
Ritesh Batra,1
Takuya Igarashi,1
John Hoffman,1
Nanfu Wang,1
Dylan Howitt,1
Adam Collins,1
Luke Radford,1
Mikael Håfström,1
Glen Keane,1
Murat Kepez,1
Chanon Yingyong,1
Phuwanit Pholdee,1
Paul Spurrier,1
Richard LaGravenese,1
Tigmanshu Dhulia,2
Chandran Narikode,1
Sudha Kongara,1
Vignesh Shivan,1
Gautham Vasudev Menon,1
Vetri Maaran,1
Jorge Granier,1
Juan Antin,1
Mariana Tschudi,1
Héctor Gálvez,1
R. Balki,1
Frasco Mortiz,1
Rakesh Ranjan Kumar,1
Amol Palekar,1
Paakhi Tyrewala,1
Piti Jaturaphat,1
Amber Tamblyn,1
Alex Law,1
Eduardo Pinto,1
Cosima Spender,3
Feroz,1
Jung-woo Park,1
Rana Eid,1
Jonathan A. Rosenbaum,1
Bhagyaraj,1
Rebecca Addelman,1
Xavier Durringer,1
Monique Gardenberg,1
Daryl Hannah,1
Oren Peli,1
Franck Phelizon,1
Sam Fell,1
Chris Butler,1
Daniel Arasanz,1
Gafoor Y. Elliyaas,1
Syed Atif Ali,1
Jennie Livingston,1
Elisabeth Vogler,1
Kim Joo-hyung,1
Abhishek Sharma,3
Kevin Hooks,1
Mandie Fletcher,1
Phillip Noyce,2
Dileep Narayanan,1
Cheta Chukwu,1
Paritosh Painter,1
Suman Ghosh,1
Felix Starck,1
John Lee,1
Paul Reubens,1
Wayne Orr,1
Anusha Rizvi,1
Mahmood Farooqui,1
Han Han,1
Mohd Khairul Azri Bin Md Noor,1
Shubham Singh,1
Rodrigo Triana,1
Mark Palansky,2
J.C. Falcón,1
C.J. Wallis,1
James Foley,1
Rayka Zehtabchi,1
Lee Kyoungmi,1
Yim Pilsung,1
Jeon Go-woon,1
Kim Jong-kwan,1
Jason Orley,1
Tony Stone,1
Reinhard Klooss,1
Karthik Subbaraj,2
Ali Samadi Ahadi,1
Karan Lalit Butani,1
Kabir Khan,1
Jean-Loup Felicioli,1
Alain Gagnol,1
Neeraj Vora,1
Ajay Bhuyan,2
Paween Purikitpanya,1
Songyos Sugmakanan,1
Parkpoom Wongpoom,2
Visute Poolvoralaks,1
Vijay Maurya,1
Abhishek Saxena,1
Dana Nachman,1
Don Hardy Jr.,1
Peter Webber,1
Kornél Mundruczó,1
Nicolas Pesce,2
Christopher Nolen,3
Vinod Kapri,1
Mat King,1
Aniruddha Roy Chowdhury,1
Byeon Hee-sun,1
Shazia Ali Khan,1
Oscar Micheaux,1
Spencer Williams,1
Richard E. Norman,1
Richard Maurice,1
Akshay Akkineni,1
Bruno Stagnaro,1
Christophe Honoré,1
Jorge Blanco,1
Gabriele Muccino,3
Joseph Sargent,1
Jean-Simon Chartier,1
QLF,1
Tom Whitworth,1
Alfonso Rodríguez,1
Guillermo Garcia,1
David Cantolla,1
Joe Lynch,1
Kunihiko Yuyama,2
Tetsuo Yajima,1
Motonori Sakakibara,1
Lars Klevberg,1
Nidhi Sharma,1
Ziggy Hofmeyr,1
Wim Wenders,1
Gabe Klinger,1
Wolfgang Petersen,1
Sameer Patil,1
Steve McLean,1
Shreyas Talpade,1
Shirley Frimpong-Manso,2
Seth Henrikson,1
Dhanush,1
Charlie Haskell,1
Koichi Sakamoto,1
James Barr,1
Ashish R. Shukla,1
Sanjiv Jaiswal,1
Josh Alexander,1
Greg Young,1
Sam Irvin,1
Linda Korsten,1
Bhavik Thakore,1
Stephen Cone,1
Clay Tweel,1
Tamara Jenkins,1
Bhavin Wadia,1
Kanika Batra,1
Henry Joost,1
Ariel Schulman,1
Nelson McCormick,1
Zeek Earl,1
Christopher Caldwell,1
Sang-ho Yeon,2
Ian Edelman,2
Kabir Bhatia,1
Anurag Singh,1
Ranjit Jeyakodi,1
Luis Prieto,1
Roy Burdine,1
Johnny Castuciano,1
Chris Miller,1
Luv Ranjan,2
Saket Chaudhary,1
Michael Tolajian,1
Tanuja Chandra,2
Jagdeep Sidhu,1
Daan Jansen,1
Stijn Verlinde,1
Dustin Hoffman,1
Carlos Vermut,1
Roy Campanella II,1
Alan Hicks,1
Saravana Rajan,1
Richard Correll,1
Honey Trehan,1
Raphael Erichsen,1
Peter Howitt,1
Hari Viswanath,1
Lydia Dean Pilcher,1
Ginny Mohler,1
Rahul Dholakia,1
Pawan Kripalani,1
Bhushan Patel,1
Manish Gupta,1
Jeremy Coon,1
Tim Skousen,1
Ding Sheng,1
Barry Levinson,2
Soukarya Ghosal,1
Linas Phillips,1
Peter Sollett,1
Kunal Deshmukh,1
Leena Yadav,3
Basu Chatterjee,2
Abhijit Kokate,1
Srivinay Salian,1
Phil Johnston,1
Rich Moore,1
Anthony Pierce,1
Derek Peck,1
Eric Khoo,1
Sanjay Dayma,1
Uwe Boll,1
Kim Sung-hoon,1
Girish Joshi,1
Gore Verbinski,2
Amir Mohiuddin,1
Alejandro Ruax,1
Ramiro Martínez,1
Robin Aubert,1
Michael Showalter,2
Hussein Kamal,2
Husam El-Gohari,2
Luis Javier Henaine,1
Tom Whitter,1
Nicholas Ray,1
Karl Mueller,1
Michael James Regan,1
Craig Anderson,1
John Milius,1
Amitava Bhattacharya,1
Marina Willer,1
Clementine Malpas,1
Leslie Knott,1
Benjamin Dickinson,1
Andy Capper,1
Brian Oakes,2
Bent-Jorgen Perlmutt,1
Sam Cullman,1
Stuart Sender,1
Kelly Duane de la Vega,1
Sara Dosa,1
Shamyl Othman,1
Allen Coulter,1
Julián Hernández,1
Shin Won-ho,2
René Pérez Joglar,1
Merawi Gerima,1
Linda Saffire,1
Adam Schlesinger,1
Andrew Bujalski,1
Josh Izenberg,1
Wynn Padula,1
Álvaro Delgado-Aparicio L.,1
Vijay Jayapal,1
Andrew Loo,1
Glen Goei,1
Gavin Yap,1
Lee Seung-won,1
Joe Miale,1
Jani Lachauer,2
Jakob Schuh,1
Fernando Frías De La Parra,1
Thomas Toby Parkinson,1
Jeff Margolis,1
John L. Spencer,1
Rachel Griffiths,1
Paco Aguilar,1
Jakob Lass,1
Jon Avnet,1
John Lyde,1
Rhiannon Bannenberg,1
Pieter Kuijpers,1
Devaki Singh,1
Luke Kenny,1
Saw Teong Hin,1
Nik Amir Mustapha,1
M.S. Prem Nath,1
Cüneyt Kaya,1
Marcelo Altmark,1
Mariano Mucci,1
Luis A. Scalella,1
Isao Yukisada,1
David LaChapelle,1
Andres Clariond,1
Amit Rai,1
Steve Rash,1
Tyler Spindel,2
Pierfrancesco Diliberto,1
Nicholas Winter,1
Hanno Olderdissen,1
Joe Murray,1
Cosmo Segurson,1
John G. Avildsen,2
Sylvester Stallone,3
Brandon Jones,1
Mike Gunther,3
Nancy Schwartzman,1
Mitch Dickman,1
Alfonso Cuarón,3
Yuki Tanada,1
Ketche,1
Erol Özlevi,1
Robbie Grewal,1
Diego Cohen,1
Tom Forrest,1
Sebastian DiNatale,1
Lenny Abrahamson,1
Matthew Atkinson,1
Max Lang,1
Pavitra Chalam,1
Akshay Shankar,1
Shweta Basu Prasad,1
Scott Moran,2
Sydney Sibilia,1
Roman Polanski,1
John Dahl,2
Prabhu Deva,1
Michael Larnell,1
Jay Chandrasekhar,2
Stig Bergqvist,1
Paul Demeyer,1
Atanu Mukherjee,1
Rob Reiner,3
Jeeva,1
Garry Marshall,1
David L. Cunningham,1
Amit Roy,1
Sam Dunn,2
Scot McFadyen,1
Dave Higby,2
Jen McGowan,1
Dharmendra Suresh Desai,1
Alex Infascelli,1
David Lam,1
Pedro Flores Maldonado,1
Vipin Parashar,1
Sujeeth,1
Raman Kumar,1
Saurabh Sinha,1
Farhan Alam,1
Vijay Roche,1
Rocky Soraya,6
Guillermo de Oliveira,1
Hakan Yonat,1
Michael Seater,1
Balu Mahendra,1
Ehtesham Uddin,1
Kireet Khurana,1
Colin Trevorrow,1
Pierre Coré,1
JP Habac,1
Sanjay Soorkar,1
A. Salaam,1
Anand Kamalakar,1
Mohamed Hamdy,3
Walter C. Miller,3
Partha Chakraborty,1
K. Gopinathan,1
Michael Carney,1
Amr Arafa,3
Dan Forrer,2
Bruce MacDonald,1
Gabriel Sabloff,1
Rajeev Patil,1
Fernando Coimbra,1
Elite Zexer,1
Steven Brill,2
Akashdeep,1
Glenn Miller,1
Blayne Weaver,1
Moto Sakakibara,1
Chris Roland,1
Maradona Dias Dos Santos,1
Norberto López Amado,1
Natasha Lyonne,1
Liam Lynch,1
Andreas Prochaska,1
A.R. Murugadoss,2
Rajiv Menon,2
Venugopan,1
Vikram Pradhan,1
Kamal Sahani,1
V. Scott Balcerek,1
Kenzo Maihara,1
Amandha Wyanto,1
Raj N. Sippy,1
Damon Cardasis,1
John Lee Hancock,3
Jeffrey G. Hunt,1
Swapna Waghmare Joshi,1
Kevan Peterson,1
Dino Risi,2
Keenen Ivory Wayans,1
Malcolm D. Lee,1
Grand Corps Malade,1
Mehdi Idir,1
Lars Büchel,1
Alexx Media,1
He Xiaofeng,1
Hiroshi Aoyama,1
Kazumi Fukushima,1
Jim Stenstrum,1
Edgar Wright,1
Wes Craven,2
Billy Corben,1
Gary Mak,1
Scot Armstrong,1
Steven Zaillian,1
Malik Bendjelloul,1
Dominic Sena,2
Rik Reinholdtsen,1
Jay Chou,1
Billy Ray,1
Advait Chandan,1
Kasia Uscinska,2
Susannah Ward,2
Sam Taplin,2
Vicky Matthews,3
James Tovell,1
Gareth Sacala,1
Louise Wardle,1
Stefon Bristol,1
Roberta Grossman,1
Sophie Sartain,1
Raj Babu,1
Alejandra Márquez Abella,1
Benson Lee,1
Wayne Blair,2
Kenneth Müller,1
Greg Barker,1
Katleho Ramaphakela,1
Rethabile Ramaphakela,1
Claire Scanlon,2
Liu Jiang,1
Anand Ravichandran,1
R. Kannan,1
Biodun Stephen,1
Chris Eigeman,1
Daniel Sánchez Arévalo,1
Sergei Bodrov,1
Michael Patrick King,2
Sylvie Verheyde,1
Sean Anders,1
Max Martini,1
Jean-Bernard Marlin,1
Zhang Yimou,1
Bejoy Nambiar,2
Krishna Vamshi,1
Teng Huatao,1
Gurudev Bhalla,1
Jay Grace,1
Samar Khan,1
Grant Singer,1
Jim Field Smith,1
Nate Adams,3
Adam Carolla,3
Måns Mårlind,1
Björn Stein,1
Oliver Schmitz,1
Ramesh Sippy,1
Oren Uziel,1
Matias Mariani,1
Sandi Tan,1
Raymond McGrath,1
Adele K. Thomas,1
Richard Bailey,2
Raj Nidimoru,1
Krishna D.K.,1
Jitendra Tiwari,1
Pranav Singh,1
Destin Daniel Cretton,1
Amitabha Singh,1
Barney Clay,1
Jason Moore,1
Amit Barot,1
Adarsh Eshwarappa,1
Rano Karno,3
Fabio Grassadonia,1
Antonio Piazza,1
Vivek Wagh,1
Ian Samuels,1
Gaurav Narayanan,1
Limbert Fabian,1
Brandon Oldenburg,1
M.J. Bassett,1
Jason Cohen,1
Halitha Shameem,1
David O. Russell,2
Julia Knowles,1
Alex Gibney,1
Nuhash Humayun,1
Syed Ahmed Shawki,1
Rahat Rahman,1
Robiul Alam Robi,1
Golam Kibria Farooki,1
Mir Mukarram Hossain,1
Tanvir Ahsan,1
Mahmudul Islam,1
Abdullah Al Noor,1
Krishnendu Chattopadhyay,1
Syed Saleh Ahmed Sobhan,1
Shakti Samanta,2
Anil Sharma,1
Raditya Dika,2
Robert Kouba,1
Dorian Fernández-Moris,1
Gregg Bishop,1
Sean Hanish,1
Corey Grant,1
Sharmeen Obaid-Chinoy,1
Ali Kalthami,1
Meshal Aljaser,1
Faris Godus,2
Mohamed al Salman,1
Faisal al Amer,1
Daniel Effiong,1
Ekachai Uekrongtham,1
Eduardo Casanova,1
Renny Harlin,1
Ringo Lam,1
Nguyen Thanh Tung,1
Fredric Lean,1
Colin Strause,1
Greg Strause,1
Andrea Molaioli,1
Leslye Headland,1
Pantham Thongsang,1
Cheewatan Pusitsuksa,1
Sivaroj Kongsakul,1
Joe Nussbaum,1
Billy Bob Thornton,1
Eric Aghimien,1
John Maclean,1
Evan Katz,1
Joe Dante,2
Ian Nelms,1
Eshom Nelms,1
Noam Murro,2
Alberto Rodríguez,1
Alex Winter,1
Fred Olen Ray,1
Chris Koch,1
Marcos Carnevale,1
Jonathan Ignatius Green,1
Akira Saitoh,1
Abbas Mustan,1
Hugo Stuven,1
Ian MacAllister-McDonald,1
Jennifer Kaytin Robinson,1
Manolo Caro,2
Carlo Padial,1
Nancy Meyers,1
Kevin Layne,2
Julius Avery,1
Ivan Ayr,1
Jeffrey C. Bell,1
Shaad Ali,1
Juan Antonio de la Riva,1
David Allensworth,1
Monière,1
Reuben Atlas,1
Emilio Martínez Lázaro,1
Sam O'Steen,1
Samuel Jouy,1
Nic Mathieu,1
Dan Harris,1
Mark Sloper,1
Sam Rega,1
Alex Israel,1
Sam Raimi,2
Peter Ramsey,1
Rodney Rothman,1
Bob Persichetti,1
Beth Sleven,1
Allan Jacobsen,1
Kevin Wotton,1
Anthony Palmer,1
Anthony Abrams,1
Adam Larson Broder,1
Bernie Denk,2
Tom McCarthy,1
Harmony Korine,1
Thom Zimny,1
Storm Saulter,1
Javier Ruiz Caldera,2
Christopher Ray,1
Adam Alleca,1
Alison E. Rose,1
Jon Izen,1
Steven Rinella,1
Todd Phillips,1
Ola Flyum,1
David Hebditch,1
Yang Woo-seok,1
Adam McKay,2
Akiva Goldsman,1
Maximilian Erlenwein,1
Danny Boyle,2
Arjun Gourisaria,1
Moinak Biswas,1
Chatchai Katenut,1
Manussa Vorasingha,1
Tanwarin Sukkhapisit,1
Jon J. Whelan,1
Alex Holmes,1
Raj B. Shetty,1
James Sweeney,1
Rowan Athale,1
Arthur Allan Seidelman,1
Katherine Dieckmann,1
Georges Hachem,1
Amar Kaushik,1
Leïla Sy,1
Kery James,1
Victor Cook,1
Baz Luhrmann,1
Ester Gould,1
Reijer Zwaan,1
Andrew Bergman,1
Yance Ford,1
Afonso Poyart,1
Irek Dobrowolski,1
Matt Tyrnauer,1
Ali Yorgancıoğlu,1
Jumpei Mizusaki,1
Koji Morimoto,1
Michael Arias,1
Masaru Matsumoto,1
Arthell Isom,1
Henry Thurlow,1
Takanobu Mizuno,1
Elsa Nakamichi,1
Hajime Sasaki,1
Shinji Takagi,1
J.M. Berrios,1
Stefano Sollima,1
Chayanop Boonprakob,1
Zakariya,1
Sarah Gavron,1
Ariel Boles,1
Benny Fredman,1
Saul Dibb,1
Joseph Cross,1
Kasper Barfoed,1
Jennifer Morrison,1
Ramón Salazar,1
Valli Bindana,1
Partho Sen-Gupta,1
Sumit Das,1
Kevin Phillips,1
Thiagarajan Kumararaja,1
Jacob Joice,2
Greg Mottola,1
Gordon Parks,1
Jesse Warn,1
Bryan Singer,1
Phil Sgriccia,1
Bruce McCulloch,1
Mangesh Kanthale,1
Ash Brannon,1
Chris Buck,3
Kuntz Agus,1
Meisa Felaroze,1
Matthew Cooke,1
Anthony Caronna,1
Alexander Smith,1
Matt Wechsler,1
Jang Jae-hyun,1
Mike Smith,5
John Paul Tremblay,5
Robb Wells,5
Warren P. Sonoda,2
Jamie M. Dagg,1
J.D. Dillard,1
Ann Deborah Fishman,1
Dan Kwan,1
Daniel Scheinert,1
Derek Yee,1
Daniel Oriahi,1
Nora Fingscheidt,1
Aamir Khan,1
Pat Healy,1
Han Qing,1
Chester Tam,1
Duncan McMath,1
John Luessenhop,1
Darin Scott,1
Nzingha Stewart,1
Sian Heder,1
Navneet Behal,1
Aanand Rai,2
Ram,1
Julien Seri,1
Archie Hekagery,1
Kevin Lima,1
Brian Smith,1
Don Omope,1
Federico D'Alessandro,1
Daniel Joseph,1
Ryu Jung-woo,1
Sonia Lowman,1
Jon Greenhalgh,1
Tanawat Aiemjinda,1
Ahsan Rahim,1
Dar Gai,1
John Carchietta,1
Kevin Munroe,1
Michael Pressman,1
Steve Barron,1
Ed Perkins,1
Einar Gabbassov,1
Michael Barrett,1
Natalia Garagiola,1
Jevons Au,1
Zune Kwok,1
Chow Kwun-wai,1
Ng Ka-Leung,1
Wong Fei-Pang,1
Mandeep Kumar,1
Peter Billingsley,1
Yann Arthus-Bertrand,1
Michael Pitiot,1
Damien Leone,1
Sukhbir Singh,1
Dheeraj Berry,1
Vijay,1
Abhijit Panse,2
Jeethu Joseph,2
Felix Herngren,1
Måns Herngren,1
Harald Zwart,2
Brian Skiba,1
Mitzi Vanessa Arreola,1
Amir Galvan Cervera,1
Ding-Lin Wang,1
Roger Russell,1
Matthew Shoychet,1
Pamela Romanowsky,1
Geoff Anderson,1
Esteban Sapir,1
Julien Rambaldi,1
Jee-woon Kim,1
Elías León,1
Mostafa Abu Seif,1
Bert Marcus,2
Andrew Douglas,1
Ariel Vromen,1
Thurop Van Orman,1
John Rice,1
Denis Hennelly,1
Casey Suchan,1
Elisa Fuksas,1
Monica Floyd,1
Maria Sadowska,1
Jonathan Sobol,1
Christian Duguay,1
Michel Hazanavicius,1
Walter Hill,1
André Øvredal,1
Michael Steiner,1
Errol Morris,2
Kurt Voelker,1
Ana Lily Amirpour,1
Elliot Hegarty,1
Keith Fulton,1
Louis Pepe,1
Jared Moshé,1
Brian M. Conley,1
Nathan Ives,1
Chapman Way,1
Maclain Way,1
John Ford,2
Ludovico Di Martino,1
Estela Renner,2
Renata Terra,1
Tommy Avallone,1
Domenico de Feudis,1
Eduardo Chauvet,2
D Ho,1
Reginald Hudlin,1
Kavi Raz,1
Rolfe Kanefsky,1
Philippe Falardeau,1
Kirby Dick,1
Christopher Murray,1
Bolanle Austen-Peters,1
Marwan Hamed,1
Elle-Máijá Tailfeathers,1
Kathleen Hepburn,1
Kevin Ford,1
Smriti Keshari,1
Eric Schlosser,1
Albert Hughes,1
Allen Hughes,1
Dan Forgione,1
Pete Jacobs,1
Matt Whitlock,1
Olivier Loustau,1
Richard Kelly,1
William Brent Bell,2
Mark Herman,1
Eric Bross,1
Chiwetel Ejiofor,1
Joe Mantello,1
William Kaufman,1
Neil Jordan,2
Ken Kushner,1
Nora Twomey,1
Jackie van Beek,1
Madeleine Sami,1
Lester Hsi,1
You-Jeong Chang,1
"Sam ""Blitz"" Bazawule",1
Stacy Title,1
Graham Phillips,1
Parker Phillips,1
Meghan O'Hara,1
Ofir Raul Graizer,1
Lee Chung-hyun,1
Bumpy,1
Elliot Silverstein,1
Sean Menard,1
Jon Gunn,1
Tony Collingwood,1
Tarek Al Eryan,2
Craig Moss,1
Magdy Al-Hawwary,1
Antonio Chavarrías,1
Michel Tikhomiroff,1
David Pablos,1
John Stephenson,1
Clay Kaytis,1
Chris Columbus,1
Michael Buster,1
Dito Montiel,1
Sue Ding,1
Ludovic Bernard,1
Julius Onah,1
Lukasz Kosmicki,1
Thomas Vinterberg,1
John Wells,1
James Haslam,1
Taki Oldham,1
Bob Nelson,1
Ari Folman,1
Andrew Fleming,1
Jennifer Beamish,1
Toby Trackman,1
Sebastián Schindel,2
Kirk De Micco,1
Chris Sanders,1
Marek Piwowski,1
Randall Lobb,2
Jarrad Paul,1
Andrew Mogel,1
Satish Manwar,1
Frank Oz,3
Jim Henson,1
Tariq Khan,1
Greg McLean,1
Simon Stone,1
Peter Mortimer,1
Josh Lowell,1
Santiago Alvarado Ilarri,1
Ahmed Saleh,1
David France,1
Armando Iannucci,1
Patrice Laliberté,1
Adekunle Nodash Adejuyigbe,1
Cecilia Atán,1
Valeria Pivato,1
Blair Hayes,1
William Friedkin,1
Chang Chin-jung,1
Chen Rong-hui,1
Stephanie Soechtig,1
Jeremy Seifert,1
Filip Renc,1
James Franco,1
Charlie McDowell,2
Mariano Cohn,2
Bette Gordon,1
Woo Min-ho,1
Kieran Darcy-Smith,1
Robert Berlinger,1
Damien Chazelle,1
Laïla Marrakchi,1
Alan Poul,1
Kelly Fremon Craig,1
Paul Andrew Williams,2
Mohammed Alhmly,1
Kazuya Tsurumaki,1
James Ponsoldt,2
Justin Benson,1
Aaron Moorhead,1
Aitor Arregi,2
Jon Garaño,2
Jose Mari Goenaga,1
David Leveaux,1
Michael Duggan,1
Luc Besson,1
Michael Samuels,1
Jenée LaMarque,1
Coerte Voorhees,1
John Voorhees,1
Rodrigo Van Der Put,2
Hugh WIlson,1
Glen Winter,1
Brian Levant,3
Sean Baker,1
Meng Hua Ho,1
Peter Nicks,1
Jason Zada,1
Sion Sono,2
Oliver Frampton,1
Radha Blank,1
Scott Walker,1
Rob Burnett,1
Raúl Arévalo,1
Louie Psihoyos,1
Makoto Shinkai,1
Mario Mattei,1
Charles Uwagbai,1
Quek Shio-chuan,1
Cody Stokes,1
Ibai Abad,1
Doron Paz,1
Yoav Paz,1
Paul Shoulberg,1
Kasra Farahani,1
Wong Kar Wai,1
Andy Devonshire,1
Karim Amer,1
Jehane Noujaim,2
Yee Tung-Shing,1
Michel Gondry,1
Gary Wang,1
Alice Wu,1
Brian Henson,1
Jan Komasa,1
Michael G. Kehoe,1
Mickey Liddell,1
Paco Arango,1
Charles Gozali,1
Bagus Bramanti,1
Maya Gallus,1
Chad Archibald,1
Zoe Berriatúa,2
Mark Columbus,1
Lauren Hoekstra,1
Sarah Kruchowski,1
Ryan Moody,1
Simon Savelyev,1
Vanita Shastry,1
Shadae Lamar Smith,1
Jeremy David White,1
John Mitchell,1
Jeremy Kipp Walker,1
Kiko Cruz Claverol,1
Bradley Walsh,1
Milind Rau,1
Damani Baker,1
Rudradeep Bhattacharjee,1
Rob W. King,1
Lasse Hallström,3
Maite Ruiz De Austri,1
Isaac Ezban,2
Jim Strouse,1
Philip Einstein Lipski,1
Jørgen Lerdam,1
Amalie Næsby Fick,1
Dennis Rovira van Boekholt,1
Femi Oyeniran,2
Kalvadour Peterson,1
Nicky Slimting Walker,1
Ahmed Medhat,1
Craig Monahan,1
Olivier Nakache,1
Éric Toledano,1
Matthew Robinson,1
Paulo Oriol,1
Phyllida Lloyd,1
Richard Ladkani,1
Benjamin Cohen,1
Nicolas Cotto,1
Robin Swicord,2
Bronwen Hughes,1
Karen Moncrieff,1
Yorgos Lanthimos,2
Sara Colangelo,1
David Michôd,3
Randa Chahal Sabbag,1
Monika Mitchell,1
Alejandro Agresti,2
Timothy Reckart,1
Nicole Holofcener,1
Pieter-Jan De Pue,1
Ahn Byoung-wook,1
Athiyan Athirai,1
Tony Scott,2
Olivier Megaton,1
Gillian Armstrong,1
Eduardo Mendoza de Echave,1
Greg Pritikin,1
Mark Craig,1
Dennis Scholl,1
Rodrigo Salomón,1
Pietro Scappini,1
Raz Degan,1
William Bindley,1
Rob Smat,1
Kevin Pollak,1
Mateo Gil,2
José Larraza,1
Marc Pons,1
Jody Hill,1
Theo Love,1
Sibusiso Khuzwayo,1
Edoardo Ponti,1
Jonathan Augustin,1
Vibeke Idsøe,1
Blake Harris,1
Chris Bouchard,1
Mark Osborne,1
Kepa Sojo,1
Richard Claus,1
Karsten Kiilerich,1
Florian Henckel von Donnersmarck,2
Brian O'Malley,1
Mike Diva,1
Jay Lyons,1
Robert Aldrich,1
Fred Durst,1
Joshua Oppenheimer,1
Peter Jackson,2
Vicky Wight,1
Nuel Naval,1
Marco Schnabel,1
Azazel Jacobs,1
Robert Cannan,1
Ross Adam,1
Stanisław Różewicz,2
Johnny To,1
Robert Tate,1
Richard Weston,3
Vasan Bala,1
John Mikulak,1
Joshua Brown,1
Marco Bonfanti,1
Tony Datis,1
Hassan AbdulSalam,1
Michael Barnett,1
Will Eisenberg,1
Francesco Carnesecchi,1
Yayo Herrero,1
Christopher Loren Ewers,1
Erik Ewers,1
Park In-je,1
Albert Sharpe,1
Matías Bize,1
William Wyler,2
Grant Heslov,1
Chi Keung Fung,1
Andreas Pichler,1
Tunde Apalowo,1
Jan Holoubek,1
Mads Matthiesen,1
Bryan Bertino,1
John Banas,1
Franck Ribière,1
Tommy O'Haver,1
Ian Cheney,1
Manuel Martín Cuenca,1
Michael Radford,1
Stuart Heisler,1
Carly Stone,1
Christopher Cain,1
Isaki Lacuesta,1
Isa Campo,1
Michael Cristofer,1
Stefan Aust,1
Dirk Laabs,1
Joe Johnston,1
Gina Prince-Bythewood,1
Matt Angel,1
Suzanne Coote,1
Mike Fleiss,1
Orson Welles,1
Joseph Ruben,1
Peter Hutchings,2
Rod Lurie,1
Jake Szymanski,1
Carles Torras,1
John Duigan,2
Ben A. Williams,1
Mimi Leder,1
Alan J. Pakula,1
Chris Nelson,1
Jean-Pierre Devillers,1
Luis Estrada,1
Richard Shepard,1
Stephen Chbosky,1
Joel Schumacher,1
Julia Willoughby Nason,1
Jenner Furst,1
Peggy Holmes,1
Bryan Buckley,1
Peter Lord,1
Jeff Newitt,1
Patryk Vega,2
Keerthi,1
Stefano Mordini,1
Robert Zemeckis,2
Maya Forbes,1
Robert McCallum,1
Chan-sang Lim,1
Teddy Lussi-Modeste,1
Brian A. Miller,1
Martha Coolidge,1
Ron Clements,1
John Musker,1
Mike Rohl,1
Na Hyeon,1
Farhad Safinia,1
Terry George,1
John Papola,1
Grant Korgan,1
Brian Niles,1
Frank Simon,1
Laura Brownson,1
Francis Ford Coppola,1
Miriam Chandy Menacherry,1
Kevin Derek,1
Shaina Allen,1
Jonás Trueba,1
Gideon Raff,1
Mariah Moore,1
Marston Sawyers,1
Alison MacLean,1
Paul Munger,1
Lisa Cortés,1
Farah X,1
Choi Jin-seong,1
Steve Barker,1
Dejan Zečević,1
Hadi El Bagoury,2
Lone Scherfig,1
Ellena Wood,1
Jesse Vile,1
David Bruckner,1
N.D. Wilson,1
Curtis Hanson,1
Christian E. Christiansen,1
Liao Shih-han,1
Rajesh Ganguly,1
Igor Kovalyov,1
Norton Virgien,1
Bruce Robinson,1
Floria Sigismondi,1
Austin Stark,1
Renato De Maria,1
John Herzfeld,1
Kristian Levring,1
Houssam El-Din Mustafa,1
Stephen Amezdroz,1
Raffi Ahmad,1
Arie Azis,1
Josh Greenbaum,1
Giancarlo Esposito,1
Richie Smyth,1
William Eubank,1
Will Eubank,1
John R. Leonetti,1
Almudena Carracedo,1
Robert Bahar,1
Marc Vigil,1
Alfonso Cortés-Cavanillas,1
Sunil Soraya,1
Samu Fuentes,1
Shonali Bose,1
Trish Sie,1
Raja Gosnell,3
Peter Chelsom,1
Sue Kim,1
Mark Waters,1
Krzysztof Zanussi,1
Thomas Meadmore,1
Brett Hedlund,1
Kyle Patrick Alvarez,1
Niall Johnson,1
Steven R. Monroe,1
Mohammad Adel,1
Cosmo Feilding-Mellen,1
Stephan Rick,1
Will Lockhart,1
Cole D. Pruitt,1
James Watkins,1
Anthony Minghella,1
Daniel Burman,1
Tobe Hooper,1
James Marsh,1
Mohammed El-Tahawy,1
Mohamed Mostafa,1
Carlos Pérez Osorio,1
Lena Khan,1
Leanne Gater,1
Robert Schwentke,1
Lennart Ruff,1
Tamta Gabrichidze,1
Erik White,1
Julio Medem,1
Stefano Lodovichi,1
Fernando Colomo,1
Brendan Malloy,1
Emmett Malloy,1
David Koepp,1
Michael Winterbottom,1
Ben Brewer,1
Alex Brewer,1
David Briggs,1
Kevin Donovan,1
Wouter Bouvijn,1
Patrick Leung,1
Pass Patthanakumjon,1
Jean-Pierre Dardenne,1
Luc Dardenne,1
Jennifer M. Kroot,1
Peter Facinelli,1
Mark Neveldine,1
Dan Bush,1
Odunlade Adekola,1
David Chuang,1
Chen Kuan-chung,1
Bauddhayan Mukherji,1
Oyefunke Fayoyin,1
Ossama Abu El Atta,1
Frant Gwo,1
Daniel Calparsoro,2
Russell Crowe,1
Jay Russell,1
Farishad I. Latjuba,1
Robert Smigel,1
Manika Sharma,1
Robert Eggers,1
Kyle Rankin,1
Park Hoon-jung,1
Muhammad Fadl,1
Hany Motawie,1
Antonin Baudry,1
Neil Rawles,1
Emil Ben-Shimon,1
Laurent Cantet,1
Michael Apted,1
Romain Gavras,1
Brian Baugh,1
Victoria Bromley,1
George Mendeluk,1
Cyrus Nowrasteh,1
Peter Foott,1
Peter Svatek,1
Saheed Arafath,1
Charlotte Zwerin,1
David Shisgall,1
Ellen Page,1
Ian Daniel,1
Yvan Attal,1
Simon Frederick,1
Patricia Ferreira,1
Fabio Ock,1
Joana Mazzucchelli,1
Derek Hui,1
Wim Bonte,1
Raam Reddy,1
Greg Tiernan,1
Bin Bunluerit,1
Benjamin Ross,1
Stephen Hopkins,1
Shanavas K. Bavakutty,1
Dallas Jackson,2
Gary Stretch,1
Mukesh Vohra,1
Jordan Ross,1
John Sturges,1
Kristina Goolsby,1
Ashley York,1
Sartaj Singh Pannu,1
Eric Goode,1
Rebecca Chaiklin,1
Alan Yang,1
Li Jun,1
Aditya Kripalani,2
Cho Li,1
Chen Hung-yi,1
Liu Bang-yao,1
Lin Guan-fu,1
Shen Chi,1
YC Tom Lee,1
Ellen Brown,1
Rikhil Bahadur,1
Sebastián Hofmann,1
Yoon Sung-hyun,1
Mark Dennis,1
Ben Foster,1
Juan Pablo Buscarini,1
Steve Loter,1
Sonny Marler,1
Michael Fimognari,1
Sorin Dan Mihalcescu,1
Edward Ellis,1
Flor Salcedo,1
Aaron Woolf,1
Josh Aronson,1
Myriam Aziza,1
Marti Noxon,1
Pavel Kostomarov,1
Beeban Kidron,1
Michael Cumming,1
Vicente Villanueva,1
Shree Narayan Singh,1
Kyoko Miyake,1
Tolga Karaçelik,1
Phil Roman,1
Rob Zombie,1
Gregory Jacobs,1
Rami Hachache,1
Roger Spottiswoode,1
Sabrina Rochelle Kalangie,1
Buzz Kulik,1
Kittiphak Thonguam,1
Buddhadev Dasgupta,1
Kike Maíllo,1
Daniel Benmayor,1
Gary Howsam,2
Norm Hiscock,1
Sukum Maetawanitch,1
Jeffrey Nachmanoff,1
Adam Leon,1
Wally Pfister,1
Michael Del Monte,1
Richard Bates Jr.,1
White Trash Tyler,1
Sam Hobkinson,1
Jon Reiner,1
Brad Rothschild,1
Ron Underwood,1
S.S. Wilson,2
Brent Maddock,1
Adam Smith,1
David Paul Meyer,2
Renuka Shahane,1
Jitender Pawar,1
Jesse Johnson,1
Richard Michaels,1
Nicholas Zeig-Owens,1
Joel Crawford,1
Shaul Schwarz,1
Christina Clusiau,1
Tekin Girgin,1
Pramod Pawar,1
Henry Hathaway,1
Jeff Wadlow,1
Preston A. Whitmore II,1
Mark Thornton,2
Todd Kauffman,2
Nick Simon,1
Milind Dhaimade,1
Mfanelo Ngoma,1
Jung Ji-woo,1
Hugh Stewart,1
Roy Boulting,1
Anthony Veiller,1
David Soren,1
Hidetaka Inazuka,1
To-hoi Kong,1
Buz Wallick,1
Álvaro Longoria,1
Gary Young,1
Susan Lambert,1
Stefan Moore,1
Pawan Kumar,1
Derick Cabrido,1
Sachin Kamlakar Khot,1
Naresh Saigal,1
Francesco Lettieri,1
Venkatesh Maha,1
Prashant Nair,1
Claude Lelouch,1
Benedict Andrews,1
Mick Grogan,1
Paul Feig,1
Michael Mazzola,1
Jota Linares,2
Svati Chakravarty Bhatkal,1
Agustí Villaronga,1
Paul Taublieb,1
Jon Freeman,1
Prentice Penny,1
Zuko Nodada,1
Chris Burkard,1
Archie Borders,1
Younuts!,1
Babak Anvari,1
Jonathan Glazer,1
Juan José Campanella,1
Levan Gabriadze,1
Brie Larson,1
Sanjay Patel,1
Jaume Collet-Serra,1
David Galán Galindo,1
Nopparoj Chotmunkongsit,1
Jennifer Brea,1
Sherif Mandour,1
Linda Otto,1
Tom Barton-Humphreys,1
Jason Reitman,2
Udai Singh Pawar,1
Vijay Kumar,1
Pradeep Verma,1
Hayden Guppy,1
Rene Liu,1
Mario Van Peebles,1
Manu Ashokan,1
Inma Torrente,1
Manoj Beedha,1
Anoop Sathyan,1
Akin Omotoso,1
Ashu Trikha,1
Amanda Micheli,1
Carlos Sedes,1
Gustavo Ron,1
Carlos Algara,1
Alejandro Martinez-Beltran,1
Guntur Soeharjanto,1
Mir-Jean Bou Chaaya,1
Gurinder Chadha,1
Roger Young,1
Brandon Dickerson,1
David L.G. Hughes,1
Harvey Lilley,1
Philip Barantini,1
Gary Michael Schultz,1
Haruka Fujita,1
Vir Das,2
P.T. Kunju Muhammad,1
Ganesh Kadam,1
Kushal Srivastava,1
Yacine Belhousse,1
Myles Kane,1
Josh Koury,1
Ed Lilly,1
Madonna,1
Vijay Yelakanti,1
Bilal Lashari,1
Param Gill,1
Anu Menon,2
Rob McKittrick,1
Ayaan Mukherji,1
Marc Francis,1
Max Pugh,1
Conor Allyn,1
Alex Smith,1
Andrew J. Smith,1
Jennifer Lee,1
Patrick Osborne,1
Lauren MacMullan,1
John Kahrs,1
Nathan Greno,1
Stevie Wermers,1
Dean Wellins,1
Kevin Deters,1
Mike Gabriel,1
Mark Henn,1
Nekfeu,1
Philip G. Atwell,1
Faraz Haider,1
John Michael McDonagh,1
Jack Zagha Kababie,1
Marina Zenovich,1
Tiffanie Hsu,1
Sidharth Malhotra,1
Daniel Yee Heng Chan,1
Stéphane de Freitas,1
Burhan Qurbani,1
Max Joseph,1
David Serrano,1
Marc Meyers,1
Jeremiah Zagar,1
Fritz Ofner,1
Antoni Krauze,1
Reem Kherici,1
Sadeq Behbehani,1
Abby Epstein,1
Chi Fat Chan,1
Ashish R. Mohan,1
Riccardo Milani,1
Stephen Donnelly,1
Olly Reid,1
Jun Falkenstein,1
Abel Ferrara,1
Trevor Ryan,1
Benjamin Weill,1
Michael Fahey,1
Huang Lei,1
Megha Ramaswamy,1
Shady Hanna,1
David Lynch,1
Tommy Wirkola,1
Kim Dong-kyu,1
Colin Minihan,1
Rebecca Harrison,1
Josh Mendoza,1
Marta Jaenes,1
Rosa Márquez,1
Gurmmeet Singh,1
Saket Behl,1
Cyrus Saidi,1
Ulrike Kofler,1
Izidore K. Musallam,1
Jeremy Rush,1
Gonzalo Bendala,1
Ritu Sarin,1
Tenzing Sonam,1
Seyi Babatope,1
Heidi Brandenburg,1
Mathew Orzel,1
Marek Kanievska,1
Chandra Liow,1
Pablo Stoll,1
Juan Pablo Rebella,1
Paul Raschid,1
Michael Curtiz,1
Alexandre Espigares,1
Elizabeth Wood,1
Drew Stone,1
Sabaah Folayan,1
Damon Davis,1
Milla Harrison-Hansley,1
Alicky Sussman,1
Dhruv Dhawan,1
Tudor Giurgiu,1
Anatole Litvak,1
Nick Moore,1
Paul Dano,1
Fritz Böhm,1
Morgan Matthews,1
Zsolt Pálfi,1
Mel Stuart,1
Joe Swanberg,1
Michael Spierig,1
Peter Spierig,1
Amy Poehler,1
Pascale Lamche,1
Evgeny Afineevsky,1
Debra Granik,1
Zach Braff,1
Theo Davies,1
Steve Bencich,1
Sung Do-jun,1
Adrian Murray,1
Bart Freundlich,1
Shaun Mir,1
Kate Mulleavy,1
Laura Mulleavy,1
Laura Terruso,1
Kranthi Madhav,1
Storm Theunissen,1
David Guy Levy,1
Yasir Nawaz,1
Wyatt Cenac,1
Lawrence Kasdan,1
Hemant Gaba,1
Sudhish Kamath,1
Nalan Kumarasamy,1
Sandeep Mohan,1
Rajshree Ojha,1
Raja Sen,1
Abhinav Shiv Tiwari,1
Christopher Louie,1
Pierre Deschamps,1
Jovanka Vuckovic,1
Annie Clark,1
Roxanne Benjamin,1
N. Chandra,1
Abu Bakr Shawky,1
Sooni Taraporevala,1
Christian De Vita,1
Saratswadee Wongsomphet,2
Kirati Nakintanon,1
Karen Maine,1
Mark Risley,1
Y. Joon Chung,1
Yoo Byung-jae,1
Lee Toland Krieger,1
Amanda Raymond,1
James Brown,1
Ivona Juka,1
Brent Bonacorso,1
Tolga Örnek,1
Salvador Espinosa,1
Mu Chu,1
Funke Akindele,1
Liu Kuang-hui,1
Miguel Ángel Vivas,1
Neville Shah,1
Mohamed Diab,1
Daniel Monzón,1
Michael Blieden,1
Peter DeLuise,1
Chandra Prakash Dwivedi,1
Anjum Shahzad,1
Majid Al Ansari,1
Floyd Russ,1
Oskar Santos,1
Rodrigo Guardiola,1
Gabriel Cruz Rivas,1
Peter Hewitt,1
Josef Fares,1
Mozez Singh,1
